1.71567e+09,-33182,-17886.7,-69.3371,0.00035189,-0.00087643,0.00774333,0,0,0,0,0.000142205,-0.000960717,-0.0120802,0.000807181,-0.00545318,-0.0685691
1.71567e+09,-33182.1,-17886.7,-69.3318,-0.00018245,-0.000300921,0.0113773,0,0,0,0,-0.000355054,-0.000723849,-0.0197942,-0.0083998,-0.00106748,-0.211397
1.71567e+09,-33182.1,-17886.7,-69.3314,8.70397e-05,-0.00026359,0.0109049,0,0,0,0,-0.000142936,-0.000828248,-0.0256317,-0.00304977,-0.00370062,-0.358632
1.71567e+09,-33182,-17886.7,-69.3278,0.000340614,9.05748e-05,0.0125763,0,0,0,-0,1.27635e-05,-0.000770317,-0.0330455,0.00258294,-0.00160488,-0.626835
1.71567e+09,-33182,-17886.7,-69.3266,0.000501805,-3.2257e-06,0.012752,0,0,0,0,0.000107553,-0.000925986,-0.0377329,0.0065804,-0.00816978,-0.824517
1.71567e+09,-33182,-17886.7,-69.324,0.000440426,-0.00281112,0.0133029,0,-0,0,0,5.89902e-05,-0.00297414,-0.0451146,0.00407179,-0.113973,-1.20583
1.71567e+09,-33182,-17886.7,-69.324,0.000127849,-0.00486868,0.0120359,0,-0,0,0,-0.000148849,-0.00438202,-0.0509132,-0.00785459,-0.194761,-1.53858
1.71567e+09,-33182,-17886.7,-69.3214,0.000355427,-0.00615921,0.0127095,0,0,0,0,-4.24358e-05,-0.0053338,-0.0576438,-0.000933634,-0.256663,-1.97632
1.71567e+09,-33182,-17886.7,-69.3223,0.000629356,-0.00706742,0.0105648,0,0,0,0,0.000108934,-0.00595372,-0.0635039,0.00959219,-0.299771,-2.38382
1.71567e+09,-33182,-17886.7,-69.3195,0.000456861,-0.00774589,0.0115595,0,-0,0,0,-1.81537e-05,-0.00649024,-0.0696263,7.8888e-06,-0.340232,-2.84554
1.71567e+09,-33182,-17886.7,-69.319,0.000362502,-0.00760365,0.0107471,0,-0,0,0,-8.78233e-05,-0.00652344,-0.0749807,-0.00550893,-0.342861,-3.26953
1.71567e+09,-33182,-17886.7,-69.3168,9.90051e-05,-0.00772938,0.011378,0,-0,0,0,-0.000250377,-0.00669406,-0.0805054,-0.0190211,-0.357044,-3.72877
1.71567e+09,-33182.1,-17886.7,-69.3154,-0.000256678,-0.0074454,0.011493,0,0,0,0,-0.000439921,-0.00668668,-0.0851634,-0.035295,-0.35641,-4.12869
1.71567e+09,-33182.1,-17886.7,-69.3115,-0.0011305,-0.00579979,0.0136454,0,0,0,0,-0.000914801,-0.00595673,-0.0897656,-0.0774051,-0.291682,-4.5368
1.71567e+09,-33182.1,-17886.7,-69.3095,-0.00220936,-0.00484162,0.0143373,0,0,0,0,-0.00149291,-0.00556514,-0.0935121,-0.129671,-0.256279,-4.87551
1.71567e+09,-33182.1,-17886.7,-69.3042,-0.00281481,-0.00394828,0.0171677,0,0,0,0,-0.00181879,-0.00526112,-0.0986642,-0.159894,-0.228083,-5.35333
1.71567e+09,-33182.1,-17886.7,-69.3052,-0.00381128,-0.00290395,0.0147953,0,0,0,0,-0.00234102,-0.00480267,-0.103419,-0.208872,-0.185087,-5.79929
1.71567e+09,-33182.1,-17886.7,-69.3007,-0.00422695,-0.00224859,0.0167573,0,0,0,0,-0.00257242,-0.00461937,-0.108947,-0.230944,-0.167603,-6.3266
1.71567e+09,-33182.1,-17886.7,-69.3012,-0.00480596,-0.00157723,0.0148867,0,0,0,0,-0.00287419,-0.00437329,-0.113368,-0.259945,-0.143953,-6.75144
1.71567e+09,-33182.1,-17886.7,-69.2982,-0.00506732,-0.000672497,0.0152969,0,0,0,0,-0.00302168,-0.00407251,-0.119636,-0.274282,-0.114715,-7.3607
1.71567e+09,-33182.1,-17886.7,-69.3006,-0.00490375,-0.000544132,0.0117709,0,0,0,0,-0.00296373,-0.00409045,-0.124903,-0.268622,-0.116468,-7.87525
1.71567e+09,-33182.1,-17886.7,-69.2981,-0.00522765,0.000200454,0.0123208,0,0,0,0,-0.00313675,-0.00385065,-0.130544,-0.285645,-0.0928729,-8.4303
1.71567e+09,-33182.1,-17886.7,-69.2992,-0.00558011,0.000789962,0.0098281,0,0,0,0,-0.00332566,-0.00368665,-0.136238,-0.304313,-0.0766665,-8.99295
1.71567e+09,-33182.1,-17886.7,-69.2982,-0.0052447,0.00140244,0.00912222,0,0,0,-0,-0.00318651,-0.00351092,-0.142477,-0.290498,-0.0592207,-9.61243
1.71567e+09,-33182.1,-17886.7,-69.302,-0.00511071,0.00135519,0.00462421,0,-0,0,0,-0.00312885,-0.00361769,-0.148125,-0.28476,-0.0698447,-10.1744
1.71567e+09,-33182.1,-17886.7,-69.3053,-0.00472873,-0.000126502,0.000101881,0,0,0,0,-0.00294356,-0.00453302,-0.156766,-0.266261,-0.161234,-11.0371
1.71567e+09,-33182.1,-17886.7,-69.3139,-0.00425463,-0.00137634,-0.00851637,0,0,0,0,-0.00273304,-0.00518697,-0.164478,-0.24521,-0.226625,-11.8083
1.71567e+09,-33182.1,-17886.7,-69.3172,-0.00381118,-0.00244429,-0.0113109,0,0,0,0,-0.00253017,-0.00587637,-0.17174,-0.224883,-0.2957,-12.5359
1.71567e+09,-33182.1,-17886.7,-69.3222,-0.00366227,-0.00303645,-0.0155469,0,0,0,0,-0.00246399,-0.00623612,-0.177763,-0.218244,-0.331788,-13.1401
1.71567e+09,-33182.1,-17886.7,-69.3232,-0.00346184,-0.00331799,-0.0151722,0,0,0,0,-0.00238555,-0.00652972,-0.183956,-0.210364,-0.361285,-13.7623
1.71567e+09,-33182.1,-17886.7,-69.3285,-0.0030304,-0.00348526,-0.0195221,0,0,0,0,-0.00217414,-0.00671343,-0.189512,-0.18911,-0.379754,-14.3208
1.71567e+09,-33182.1,-17886.7,-69.3287,-0.00303478,-0.00336394,-0.0178671,0,-0,0,0,-0.00219527,-0.00681263,-0.195078,-0.191236,-0.389738,-14.8811
1.71567e+09,-33182.1,-17886.7,-69.3336,-0.00267965,-0.00343152,-0.0216657,0,0,0,0,-0.00204661,-0.00689415,-0.200398,-0.176268,-0.397946,-15.4167
1.71567e+09,-33182.1,-17886.7,-69.3341,-0.0024241,-0.00353367,-0.0199526,0,0,0,0,-0.00194533,-0.00709335,-0.205911,-0.166063,-0.418016,-15.9722
1.71567e+09,-33182.1,-17886.7,-69.3384,-0.00225706,-0.00339825,-0.0229871,0,0,0,0,-0.00185957,-0.00712127,-0.210835,-0.15742,-0.420831,-16.4685
1.71567e+09,-33182.1,-17886.7,-69.3329,-0.00282971,-0.00105328,-0.0152406,0,0,0,0,-0.00216642,-0.00610025,-0.213388,-0.188361,-0.317877,-16.7259
1.71567e+09,-33182.1,-17886.7,-69.3316,-0.00285617,0.000808689,-0.0130145,0,0,0,0,-0.00218528,-0.00527495,-0.215708,-0.190263,-0.234642,-16.9599
1.71567e+09,-33182.1,-17886.7,-69.3282,-0.00308259,0.00234533,-0.00865141,0,0,0,0,-0.00231128,-0.00467324,-0.219471,-0.202974,-0.173942,-17.3394
1.71567e+09,-33182.1,-17886.7,-69.3268,-0.00306986,0.00309526,-0.00680852,0,0,0,0,-0.00233839,-0.00436086,-0.222497,-0.205708,-0.142426,-17.6448
1.71567e+09,-33182.1,-17886.7,-69.3231,-0.00328742,0.00405992,-0.00281807,0,0,0,0,-0.00246058,-0.00401415,-0.22639,-0.218039,-0.107439,-18.0376
1.71567e+09,-33182.1,-17886.7,-69.3231,-0.00322117,0.0047267,-0.0028162,0,0,0,-0,-0.0024374,-0.00380273,-0.230326,-0.2157,-0.0861021,-18.4348
1.71567e+09,-33182.1,-17886.7,-69.3189,-0.00321629,0.00518693,0.00113228,-0,0,0,0,-0.0024578,-0.00367592,-0.234242,-0.217759,-0.073302,-18.8301
1.71567e+09,-33182.1,-17886.7,-69.3184,-0.0032318,0.00544413,0.00130964,0,0,0,0,-0.00247344,-0.00366574,-0.238551,-0.219337,-0.0722745,-19.2651
1.71567e+09,-33182.1,-17886.7,-69.3149,-0.00314984,0.00512008,0.00396467,0,0,0,0,-0.00244283,-0.00399661,-0.243633,-0.216247,-0.105678,-19.7781
1.71567e+09,-33182.1,-17886.7,-69.317,-0.00298634,0.00489222,0.00140283,0,0,0,0,-0.00238193,-0.00417521,-0.248357,-0.210099,-0.12371,-20.255
1.71567e+09,-33182.1,-17886.7,-69.3235,-0.00231231,0.00332444,-0.00562751,0,0,0,0,-0.00206888,-0.00509313,-0.257204,-0.178492,-0.216389,-21.1483
1.71567e+09,-33182.1,-17886.7,-69.33,-0.00171701,0.00201146,-0.0117858,0,0,0,0,-0.00177807,-0.0058512,-0.264664,-0.149129,-0.292931,-21.9016
1.71567e+09,-33182.1,-17886.7,-69.3355,-0.00100054,0.000733331,-0.0163859,0,0,0,0,-0.00144661,-0.00657598,-0.272321,-0.11556,-0.366332,-22.677
1.71567e+09,-33182.1,-17886.7,-69.3405,-0.000636025,-2.03713e-06,-0.0201555,0,0,0,0,-0.00127586,-0.007058,-0.278579,-0.09832,-0.415,-23.3088
1.71567e+09,-33182.1,-17886.7,-69.3441,-0.000278157,-0.000451554,-0.0219778,0,0,0,0,-0.00111318,-0.00740686,-0.284908,-0.0818942,-0.450224,-23.9479
1.71567e+09,-33182.1,-17886.7,-69.348,-2.70067e-05,-0.00115276,-0.0241123,0,0,0,0,-0.00101332,-0.00781855,-0.290384,-0.0718104,-0.491795,-24.5008
1.71567e+09,-33182.1,-17886.7,-69.3502,0.000172123,-0.00146634,-0.0239475,0,0,0,0,-0.000943746,-0.00811964,-0.29618,-0.0647855,-0.522198,-25.0861
1.71567e+09,-33182.1,-17886.7,-69.3548,8.66328e-05,-0.00181121,-0.0270289,0,-0,0,0,-0.000975269,-0.00838209,-0.301137,-0.0679687,-0.5487,-25.5867
1.71567e+09,-33182.1,-17886.7,-69.3551,0.000362613,-0.00193489,-0.0246414,0,0,0,0,-0.00085732,-0.00859322,-0.305864,-0.056058,-0.570021,-26.064
1.71567e+09,-33182.1,-17886.7,-69.3531,0.000164253,-0.000804681,-0.0208784,0,0,0,0,-0.00096375,-0.00812334,-0.307928,-0.0668056,-0.52257,-26.2724
1.71567e+09,-33182.1,-17886.7,-69.3489,0.000155026,0.000187544,-0.0147928,0,0,0,0,-0.000980076,-0.00780422,-0.31086,-0.0684543,-0.490344,-26.5685
1.71567e+09,-33182.1,-17886.7,-69.3479,-0.000339671,0.000942938,-0.01287,0,0,0,0,-0.00125188,-0.00748181,-0.313876,-0.0959023,-0.457786,-26.8731
1.71567e+09,-33182.1,-17886.7,-69.3431,-0.000462723,0.00201236,-0.00705746,0,0,0,0,-0.00133353,-0.00706799,-0.316904,-0.104148,-0.415996,-27.1789
1.71567e+09,-33182.1,-17886.7,-69.3413,-0.000917084,0.00247169,-0.00488905,0,0,0,0,-0.00156081,-0.00699106,-0.320271,-0.127097,-0.408228,-27.5188
1.71567e+09,-33182.1,-17886.7,-69.3377,-0.00111034,0.00289112,-0.00127519,0,0,0,0,-0.00167569,-0.00692769,-0.324392,-0.138698,-0.401828,-27.935
1.71567e+09,-33182.1,-17886.7,-69.3385,-0.00119822,0.00332877,-0.00217864,0,0,0,0,-0.00173884,-0.00677279,-0.328266,-0.145075,-0.386187,-28.3262
1.71567e+09,-33182.1,-17886.7,-69.3339,-0.00112614,0.00376122,0.00207249,0,0,0,-0,-0.0017135,-0.00671801,-0.33258,-0.142517,-0.380654,-28.7619
1.71567e+09,-33182.1,-17886.7,-69.3337,-0.00143461,0.00385205,0.00192279,0,0,0,0,-0.00188472,-0.00673248,-0.336123,-0.159807,-0.382116,-29.1196
1.71567e+09,-33182.1,-17886.7,-69.3289,-0.00145868,0.00402168,0.00563661,0,-0,0,0,-0.00192017,-0.00679332,-0.341185,-0.163386,-0.388259,-29.6308
1.71567e+09,-33182.1,-17886.7,-69.3309,-0.0014142,0.00438388,0.00324008,0,0,0,-0,-0.00189237,-0.00671365,-0.345306,-0.160579,-0.380215,-30.047
1.71567e+09,-33182.1,-17886.7,-69.3287,-0.00158188,0.00217358,0.0045104,0,0,0,0,-0.00199426,-0.00793435,-0.350614,-0.170869,-0.503488,-30.583
1.71567e+09,-33182.1,-17886.7,-69.3293,-0.00175558,5.03431e-05,0.00326903,0,-0,0,0,-0.00209942,-0.00907482,-0.355643,-0.181489,-0.618662,-31.0909
1.71567e+09,-33182.1,-17886.7,-69.3259,-0.00181781,-0.00173252,0.00569153,0,-0,0,0,-0.0021365,-0.0101117,-0.360381,-0.185234,-0.723377,-31.5693
1.71567e+09,-33182.1,-17886.7,-69.3287,-0.00170509,-0.00316765,0.00241974,0,0,0,0,-0.00210681,-0.0108747,-0.365462,-0.182235,-0.800424,-32.0824
1.71567e+09,-33182.1,-17886.7,-69.327,-0.00190542,-0.00420994,0.00323975,0,-0,0,0,-0.00223265,-0.011496,-0.370958,-0.194942,-0.863159,-32.6374
1.71567e+09,-33182.1,-17886.7,-69.3264,-0.0020427,-0.00461995,0.00332039,0,-0,0,0,-0.00230271,-0.0118145,-0.375353,-0.202018,-0.895318,-33.0812
1.71567e+09,-33182.1,-17886.7,-69.3237,-0.00207314,-0.00512317,0.00499815,0,-0,0,0,-0.00232576,-0.0122214,-0.380441,-0.204345,-0.936412,-33.595
1.71567e+09,-33182.1,-17886.7,-69.3255,-0.00194169,-0.00535626,0.0026637,0,0,0,0,-0.00228545,-0.0124125,-0.385539,-0.200274,-0.955715,-34.1099
1.71567e+09,-33182.1,-17886.7,-69.3186,-0.00213045,-0.00380529,0.00859868,0,0,0,0,-0.00237753,-0.0118054,-0.388545,-0.209573,-0.894404,-34.4134
1.71567e+09,-33182.1,-17886.7,-69.3177,-0.00200145,-0.00262294,0.00875547,0,0,0,-0,-0.00233226,-0.0112983,-0.391968,-0.205002,-0.843187,-34.7591
1.71567e+09,-33182.1,-17886.7,-69.3113,-0.00202572,-0.00104434,0.0133932,-0,0,0,0,-0.00237403,-0.0106553,-0.396113,-0.20922,-0.778252,-35.1776
1.71567e+09,-33182.1,-17886.7,-69.3097,-0.00197455,-4.29324e-05,0.0136738,0,0,0,-0,-0.00234824,-0.0102863,-0.399925,-0.206615,-0.740996,-35.5626
1.71567e+09,-33182.1,-17886.7,-69.3062,-0.00188874,0.000563428,0.0151688,0,0,0,0,-0.00232078,-0.0100942,-0.404622,-0.203843,-0.721593,-36.037
1.71567e+09,-33182.1,-17886.7,-69.3064,-0.00233285,0.00132916,0.0136256,0,0,0,0,-0.00256109,-0.00980827,-0.409324,-0.228108,-0.69272,-36.5118
1.71567e+09,-33182.1,-17886.7,-69.3013,-0.00244203,0.00192546,0.0165283,0,0,0,0,-0.00262815,-0.0096611,-0.413826,-0.23488,-0.677859,-36.9664
1.71567e+09,-33182.1,-17886.7,-69.3029,-0.00187,0.0027752,0.0134608,0,0,0,-0,-0.00235875,-0.00932664,-0.41932,-0.207675,-0.644085,-37.5212
1.71567e+09,-33182.1,-17886.7,-69.2978,-0.00201287,0.00332094,0.015833,-0,0,0,0,-0.00244903,-0.0092267,-0.425081,-0.216792,-0.633992,-38.1029
1.71567e+09,-33182.1,-17886.7,-69.3003,-0.0019854,0.00329337,0.0122772,0,0,0,0,-0.00243839,-0.00931204,-0.429782,-0.215718,-0.64261,-38.5777
1.71567e+09,-33182.1,-17886.7,-69.2949,-0.00188252,0.00331926,0.0151693,0,0,0,0,-0.00240573,-0.00949092,-0.435282,-0.21242,-0.660675,-39.1331
1.71567e+09,-33182.1,-17886.7,-69.2974,-0.00214646,0.00329683,0.0117109,0,-0,0,0,-0.00255875,-0.00953219,-0.439962,-0.227872,-0.664843,-39.6057
1.71567e+09,-33182.1,-17886.7,-69.2968,-0.00206792,0.00148368,0.0104345,0,0,0,0,-0.00252938,-0.010581,-0.446543,-0.224906,-0.770761,-40.2703
1.71567e+09,-33182.1,-17886.7,-69.3,-0.00190891,-0.000156628,0.00619165,0,0,0,0,-0.00245136,-0.0115137,-0.452629,-0.217028,-0.86495,-40.8849
1.71567e+09,-33182.1,-17886.7,-69.2997,-0.00181108,-0.00164369,0.00527056,0,0,0,0,-0.00242998,-0.0123504,-0.459035,-0.214869,-0.949449,-41.5318
1.71567e+09,-33182.1,-17886.7,-69.303,-0.0015771,-0.00254952,0.00129092,0,0,0,0,-0.00231606,-0.0129161,-0.464932,-0.203365,-1.00657,-42.1273
1.71567e+09,-33182.1,-17886.7,-69.3017,-0.0015016,-0.00322066,0.00188209,0,0,0,0,-0.00229817,-0.0133754,-0.47059,-0.201559,-1.05295,-42.6987
1.71567e+09,-33182.1,-17886.7,-69.3055,-0.00158681,-0.00396392,-0.00220039,0,-0,0,0,-0.00236666,-0.0137967,-0.476556,-0.208475,-1.09549,-43.3012
1.71567e+09,-33182.1,-17886.7,-69.3025,-0.00171282,-0.00411999,0.000321115,0,-0,0,0,-0.00245257,-0.0140386,-0.482257,-0.21715,-1.11992,-43.8768
1.71567e+09,-33182.1,-17886.7,-69.3058,-0.00148028,-0.00428012,-0.0031824,0,0,0,0,-0.00232735,-0.0142595,-0.487967,-0.204505,-1.14223,-44.4535
1.71567e+09,-33182.1,-17886.7,-69.3061,-0.00126546,-0.00449128,-0.00350198,0,0,0,0,-0.00223994,-0.0144532,-0.493105,-0.195678,-1.16179,-44.9723
1.71567e+09,-33182.1,-17886.7,-69.308,-0.00137075,-0.0044628,-0.00528569,0,-0,0,0,-0.00229495,-0.0145634,-0.49795,-0.201233,-1.17292,-45.4616
1.71567e+09,-33182.1,-17886.7,-69.3051,-0.00155688,-0.00070318,-0.0023922,0,0,0,0,-0.00240604,-0.0128553,-0.502995,-0.212452,-1.00042,-45.9711
1.71567e+09,-33182.1,-17886.7,-69.3063,-0.00192653,0.00223652,-0.00361257,0,0,0,0,-0.00261346,-0.0114693,-0.507082,-0.233399,-0.860459,-46.3838
1.71567e+09,-33182.1,-17886.7,-69.3031,-0.00220146,0.00485946,-0.000511991,0,0,0,0,-0.0027735,-0.0102888,-0.511492,-0.249561,-0.741235,-46.8292
1.71567e+09,-33182.1,-17886.7,-69.3046,-0.00216603,0.00711275,-0.00215693,0,0,0,-0,-0.00275427,-0.00930211,-0.516289,-0.247619,-0.641605,-47.3136
1.71567e+09,-33182.1,-17886.7,-69.3028,-0.002252,0.00788198,-0.000623813,-0,0,0,0,-0.00281694,-0.00905089,-0.521506,-0.253948,-0.616237,-47.8404
1.71567e+09,-33182.1,-17886.7,-69.3023,-0.00242439,0.00915857,-0.000327042,0,0,0,0,-0.00291651,-0.00851558,-0.525817,-0.264002,-0.562181,-48.2757
1.71567e+09,-33182.1,-17886.7,-69.3001,-0.00247166,0.0103101,0.00129298,0,0,0,0,-0.00294916,-0.00808497,-0.530982,-0.267299,-0.518696,-48.7973
1.71567e+09,-33182.1,-17886.7,-69.3014,-0.00239626,0.0106686,-0.00033817,0,0,0,-0,-0.00293103,-0.00801409,-0.535777,-0.265468,-0.511538,-49.2815
1.71567e+09,-33182.1,-17886.7,-69.3028,-0.00203687,0.00818275,-0.00225094,0,-0,0,0,-0.00276924,-0.00937275,-0.543187,-0.24913,-0.648743,-50.0298
1.71567e+09,-33182.1,-17886.7,-69.3077,-0.00171858,0.00621129,-0.00713629,0,0,0,0,-0.0026097,-0.0104595,-0.549072,-0.233018,-0.758494,-50.6242
1.71567e+09,-33182.1,-17886.7,-69.3093,-0.00115731,0.00454233,-0.00838971,0,0,0,0,-0.00235241,-0.0114226,-0.555696,-0.207035,-0.855748,-51.293
1.71567e+09,-33182.1,-17886.7,-69.3143,-0.000789157,0.00283214,-0.0129158,0,0,0,0,-0.0021916,-0.012328,-0.5614,-0.190796,-0.947181,-51.8691
1.71567e+09,-33182.1,-17886.7,-69.3149,-0.000543835,0.00164042,-0.0125541,0,0,0,0,-0.00208126,-0.0130548,-0.567201,-0.179653,-1.02059,-52.455
1.71567e+09,-33182.1,-17886.7,-69.3176,-0.000258363,0.000626131,-0.0143466,0,0,0,0,-0.0019593,-0.0136346,-0.572603,-0.167338,-1.07913,-53.0004
1.71567e+09,-33182.1,-17886.7,-69.3191,-0.000453893,-0.000617932,-0.0147549,0,-0,0,0,-0.00208195,-0.0143473,-0.577759,-0.179723,-1.1511,-53.521
1.71567e+09,-33182.1,-17886.7,-69.3209,-0.000182677,-0.00154734,-0.0155376,0,0,0,0,-0.00194428,-0.0149374,-0.582633,-0.165821,-1.21069,-54.0132
1.71567e+09,-33182.1,-17886.7,-69.3195,-0.000114433,-0.00146692,-0.0127736,0,0,0,0,-0.00192204,-0.0150587,-0.587767,-0.163575,-1.22294,-54.5316
1.71567e+09,-33182.1,-17886.7,-69.321,-8.96766e-05,-0.0016703,-0.0134635,0,-0,0,0,-0.00194287,-0.0152453,-0.592091,-0.165678,-1.24178,-54.9683
1.71567e+09,-33182.1,-17886.7,-69.3203,0.000149517,-0.00166017,-0.0117286,0,0,0,0,-0.00182959,-0.0153851,-0.59722,-0.154238,-1.2559,-55.4863
1.71567e+09,-33182.1,-17886.7,-69.318,-0.00045727,-0.000576976,-0.00877617,0,0,0,0,-0.00213781,-0.0149396,-0.599287,-0.185365,-1.2109,-55.695
1.71567e+09,-33182.1,-17886.7,-69.3103,-0.00118585,0.000273578,-0.000693861,0,0,0,0,-0.00251366,-0.0146589,-0.602288,-0.223321,-1.18256,-55.9981
1.71567e+09,-33182.1,-17886.7,-69.3094,-0.00177574,0.000767931,0.000212677,0,0,0,0,-0.00281117,-0.0145032,-0.604828,-0.253365,-1.16683,-56.2546
1.71567e+09,-33182.1,-17886.7,-69.3043,-0.00214025,0.000957445,0.00460763,0,-0,0,0,-0.00300358,-0.0145581,-0.608668,-0.272797,-1.17238,-56.6424
1.71567e+09,-33182.1,-17886.7,-69.3039,-0.00244629,0.00127907,0.00451203,0,0,0,0,-0.00318118,-0.0144478,-0.612712,-0.290732,-1.16125,-57.0507
1.71567e+09,-33182.1,-17886.7,-69.2981,-0.00271207,0.00171081,0.00896078,0,0,0,0,-0.00333754,-0.0143699,-0.616997,-0.306521,-1.15337,-57.4835
1.71567e+09,-33182.1,-17886.7,-69.3001,-0.00317659,0.00218576,0.00626614,0,0,0,0,-0.00356878,-0.014226,-0.621842,-0.329872,-1.13884,-57.9727
1.71567e+09,-33182.1,-17886.7,-69.2967,-0.0034036,0.0024196,0.00818821,0,-0,0,0,-0.00370487,-0.0142615,-0.627385,-0.343614,-1.14243,-58.5325
1.71567e+09,-33182.1,-17886.7,-69.2973,-0.00355105,0.00245947,0.00670129,0,-0,0,0,-0.00377939,-0.0143611,-0.632091,-0.35114,-1.15249,-59.0077
1.71567e+09,-33182.1,-17886.7,-69.2949,-0.00355262,0.00270906,0.00777085,0,-0,0,0,-0.0037872,-0.0144056,-0.637592,-0.351929,-1.15699,-59.5632
1.71567e+09,-33182.1,-17886.7,-69.2978,-0.00350257,0.00220735,0.00416783,0,0,0,0,-0.00378557,-0.014704,-0.642858,-0.351764,-1.18712,-60.0951
1.71567e+09,-33182.1,-17886.7,-69.2974,-0.00264469,-0.000320771,0.00341448,0,0,0,0,-0.00338125,-0.0160967,-0.649735,-0.310933,-1.32776,-60.7895
1.71567e+09,-33182.1,-17886.7,-69.3029,-0.00213257,-0.00177419,-0.00241162,0,0,0,0,-0.00313359,-0.0169003,-0.656131,-0.285922,-1.40891,-61.4354
1.71567e+09,-33182.1,-17886.7,-69.3029,-0.00139288,-0.00329732,-0.00272007,0,0,0,0,-0.0027978,-0.0177689,-0.662281,-0.252012,-1.49663,-62.0565
1.71567e+09,-33182.1,-17886.7,-69.307,-0.000867671,-0.00401088,-0.00677358,0,0,0,0,-0.00253571,-0.0182127,-0.668256,-0.225466,-1.54158,-62.6616
1.71567e+09,-33182.1,-17886.7,-69.307,-0.000537715,-0.00499821,-0.00643684,0,0,0,0,-0.00238924,-0.0188538,-0.674102,-0.210675,-1.60632,-63.252
1.71567e+09,-33182.1,-17886.7,-69.3096,-0.000332948,-0.00591527,-0.00873619,0,0,0,0,-0.00232353,-0.0194017,-0.679753,-0.20404,-1.66164,-63.8227
1.71567e+09,-33182.1,-17886.7,-69.309,-2.2542e-05,-0.00586033,-0.00763277,0,0,0,0,-0.00218761,-0.0195252,-0.685716,-0.190315,-1.67412,-64.4248
1.71567e+09,-33182.1,-17886.7,-69.3122,-3.2081e-05,-0.00607118,-0.0104787,0,-0,0,0,-0.00218826,-0.0197191,-0.690628,-0.19038,-1.6937,-64.9209
1.71567e+09,-33182.1,-17886.7,-69.3108,0.000148737,-0.00591358,-0.00841932,0,0,0,0,-0.00211535,-0.0197692,-0.695158,-0.183017,-1.69876,-65.3782
1.71567e+09,-33182.1,-17886.7,-69.3136,0.000142489,-0.00561205,-0.0106531,0,0,0,0,-0.00212927,-0.0197406,-0.700254,-0.184423,-1.69587,-65.8929
1.71567e+09,-33182.1,-17886.7,-69.3119,-0.000545584,-0.00333949,-0.0083389,0,0,0,0,-0.00248782,-0.0187815,-0.705651,-0.220632,-1.59902,-66.4379
1.71567e+09,-33182.1,-17886.7,-69.3145,-0.0010844,-0.0014707,-0.0104654,0,0,0,0,-0.00276624,-0.0179125,-0.710237,-0.248749,-1.51125,-66.9011
1.71567e+09,-33182.1,-17886.7,-69.3127,-0.00128197,-3.08153e-05,-0.00797347,0,0,0,0,-0.00289233,-0.0173381,-0.715016,-0.261483,-1.45325,-67.3837
1.71567e+09,-33182.1,-17886.7,-69.3147,-0.00162607,0.0014499,-0.00952093,0,0,0,0,-0.00305322,-0.0167187,-0.719808,-0.27773,-1.3907,-67.8676
1.71567e+09,-33182.1,-17886.7,-69.313,-0.00171216,0.00248369,-0.00718433,0,0,0,0,-0.00312432,-0.0163344,-0.724685,-0.284909,-1.35189,-68.3601
1.71567e+09,-33182.1,-17886.7,-69.3149,-0.00189598,0.0033463,-0.00878768,0,0,0,0,-0.00322363,-0.0160207,-0.729466,-0.294938,-1.32021,-68.8429
1.71567e+09,-33182.1,-17886.7,-69.3109,-0.00196169,0.00461615,-0.00429267,0,0,0,0,-0.00326232,-0.0155609,-0.733797,-0.298845,-1.27378,-69.2803
1.71567e+09,-33182.1,-17886.7,-69.3126,-0.00175078,0.00550516,-0.00582942,0,0,0,-0,-0.0031797,-0.0151912,-0.738597,-0.290502,-1.23644,-69.765
1.71567e+09,-33182.1,-17886.7,-69.3099,-0.00185011,0.00623828,-0.00301984,0,0,0,0,-0.00324504,-0.0149849,-0.743235,-0.2971,-1.21561,-70.2334
1.71567e+09,-33182.1,-17886.7,-69.3122,-0.00194769,0.00671759,-0.00523512,0,0,0,0,-0.00328618,-0.0148546,-0.74786,-0.301255,-1.20245,-70.7004
1.71567e+09,-33182.1,-17886.7,-69.3106,-0.00125536,0.0072054,-0.0035696,0,0,0,-0,-0.00297,-0.0147444,-0.753084,-0.269325,-1.19133,-71.2279
1.71567e+09,-33182.1,-17886.7,-69.3108,-0.00111109,0.00708499,-0.00368732,0,0,0,0,-0.00292039,-0.0148595,-0.757147,-0.264315,-1.20295,-71.6383
1.71567e+09,-33182.1,-17886.7,-69.309,-0.000562166,0.00701685,-0.0020001,0,0,0,0,-0.00266033,-0.0150628,-0.762346,-0.238053,-1.22348,-72.1633
1.71567e+09,-33182.1,-17886.7,-69.3116,-8.60504e-05,0.00700724,-0.00461072,0,0,0,0,-0.00245083,-0.0151141,-0.767682,-0.216895,-1.22866,-72.7022
1.71567e+09,-33182.1,-17886.7,-69.3099,0.000115121,0.00687265,-0.00299247,0,0,0,0,-0.00237369,-0.015315,-0.772897,-0.209106,-1.24895,-73.2288
1.71567e+09,-33182.1,-17886.7,-69.3109,0.000246722,0.00682699,-0.00389452,0,0,0,0,-0.00230703,-0.0154792,-0.777382,-0.202374,-1.26553,-73.6817
1.71567e+09,-33182.1,-17886.7,-69.3092,0.00041906,0.00641098,-0.00233964,0,0,0,0,-0.00223529,-0.0158199,-0.782681,-0.19513,-1.29994,-74.2168
1.71567e+09,-33182.1,-17886.7,-69.3108,0.000320852,0.00619675,-0.00397474,0,-0,0,0,-0.00229907,-0.0160127,-0.787485,-0.201571,-1.3194,-74.7019
1.71567e+09,-33182.1,-17886.7,-69.3087,0.000368352,0.00555089,-0.0019104,0,0,0,0,-0.00227682,-0.0164625,-0.792521,-0.199323,-1.36483,-75.2105
1.71567e+09,-33182.1,-17886.7,-69.3087,-0.000102178,0.00472862,-0.00200467,0,-0,0,0,-0.00250344,-0.0169351,-0.796616,-0.222209,-1.41256,-75.624
1.71567e+09,-33182.1,-17886.7,-69.304,-0.00059251,0.00408827,0.00224241,0,-0,0,0,-0.00273859,-0.0174175,-0.801056,-0.245956,-1.46127,-76.0724
1.71567e+09,-33182.1,-17886.7,-69.3064,-0.0011991,0.00311422,-0.00041931,0,-0,0,0,-0.00305693,-0.0179854,-0.805897,-0.278105,-1.51862,-76.5612
1.71567e+09,-33182.1,-17886.7,-69.3042,-0.0025085,0.0027303,0.00126891,0,-0,0,0,-0.00382114,-0.0183004,-0.811088,-0.35528,-1.55043,-77.0855
1.71567e+09,-33182.1,-17886.7,-69.3051,-0.00359661,0.00266151,3.91092e-05,0,-0,0,0,-0.0044425,-0.0183557,-0.815758,-0.41803,-1.55601,-77.5571
1.71567e+09,-33182.1,-17886.7,-69.304,-0.0032978,0.00249136,0.000580881,0,0,0,0,-0.00435179,-0.018531,-0.821513,-0.408871,-1.57372,-78.1382
1.71567e+09,-33182.1,-17886.7,-69.3048,-0.000990994,0.00212569,-0.000475051,0,0,0,0,-0.00320537,-0.0188584,-0.826628,-0.293105,-1.60677,-78.6548
1.71567e+09,-33182.1,-17886.7,-69.3036,0.000262929,0.00135134,0.000248116,0,0,0,0,-0.00253765,-0.0194516,-0.831868,-0.225676,-1.66668,-79.1839
1.71567e+09,-33182.1,-17886.7,-69.3054,0.00240219,0.000385441,-0.00169004,0,0,0,0,-0.00147673,-0.0200098,-0.83681,-0.118541,-1.72305,-79.683
1.71567e+09,-33182.1,-17886.7,-69.302,0.00462118,-0.000356076,0.00115328,0,0,0,0,-0.000369574,-0.0205167,-0.842002,-0.00673531,-1.77424,-80.2073
1.71567e+09,-33182.1,-17886.7,-69.3037,0.00615594,-0.00101415,-0.000741812,0,0,0,0,0.000390412,-0.0209609,-0.846482,0.0700142,-1.8191,-80.6597
1.71567e+09,-33182.1,-17886.7,-69.3005,0.007146,-0.00165316,0.00200371,0,0,0,0,0.000827249,-0.0213938,-0.851192,0.114129,-1.86281,-81.1353
1.71567e+09,-33182.1,-17886.7,-69.3018,0.00814643,-0.0018094,0.000310983,0,0,0,0,0.00131147,-0.0215796,-0.856083,0.163029,-1.88157,-81.6293
1.71567e+09,-33182.1,-17886.7,-69.2996,0.00850411,-0.00217849,0.00194336,0,0,0,0,0.00147258,-0.021905,-0.86133,0.179299,-1.91444,-82.1591
1.71567e+09,-33182.1,-17886.7,-69.3011,0.00903051,-0.001922,5.7554e-05,0,0,0,0,0.00173231,-0.0219067,-0.866299,0.205529,-1.91461,-82.661
1.71567e+09,-33182.1,-17886.7,-69.2986,0.0091133,-0.00182634,0.00197295,0,0,0,0,0.0017551,-0.0219817,-0.871439,0.20783,-1.92218,-83.18
1.71567e+09,-33182.1,-17886.7,-69.2987,0.00924983,-0.00167051,0.00144826,0,0,0,0,0.00181095,-0.0220052,-0.876241,0.21347,-1.92456,-83.6649
1.71567e+09,-33182.1,-17886.7,-69.2973,0.00885596,-0.00150908,0.00217411,0,-0,0,0,0.00161364,-0.0220904,-0.881952,0.193545,-1.93316,-84.2416
1.71567e+09,-33182.1,-17886.7,-69.2997,0.00885157,-0.0014647,-0.000523378,0,-0,0,0,0.00160159,-0.0221465,-0.886843,0.192328,-1.93882,-84.7355
1.71567e+09,-33182.1,-17886.7,-69.2986,0.00804933,-0.00123068,9.53852e-05,0,-0,0,0,0.00119886,-0.0221822,-0.892619,0.151659,-1.94243,-85.3188
1.71567e+09,-33182.1,-17886.7,-69.3011,0.00742113,-0.00122697,-0.00265756,0,-0,0,0,0.000870478,-0.0222813,-0.898531,0.118497,-1.95244,-85.9158
1.71567e+09,-33182.1,-17886.7,-69.3009,0.00609167,-0.00129749,-0.00278113,0,-0,0,0,0.000223327,-0.0224378,-0.904703,0.0531431,-1.96825,-86.5391
1.71567e+09,-33182.1,-17886.7,-69.3052,0.00494411,-0.00109005,-0.00691415,0,0,0,0,-0.00031964,-0.0224253,-0.910257,-0.00169078,-1.96698,-87.1
1.71567e+09,-33182.1,-17886.7,-69.3019,0.00352902,-0.000387994,-0.00347681,0,0,0,0,-0.000951102,-0.022246,-0.91522,-0.0654607,-1.94887,-87.6013
1.71567e+09,-33182.1,-17886.7,-69.3048,0.00118983,0.000314891,-0.00626052,0,0,0,0,-0.00197593,-0.0220674,-0.920715,-0.168956,-1.93084,-88.1561
1.71567e+09,-33182.1,-17886.7,-69.3037,-0.00183497,0.00128063,-0.00499172,0,0,0,0,-0.00317227,-0.0217824,-0.925695,-0.28976,-1.90206,-88.659
1.71567e+09,-33182.1,-17886.7,-69.3036,-0.00708683,0.00311378,-0.00464366,0,0,0,0,-0.00544399,-0.0210337,-0.93007,-0.519157,-1.82645,-89.1008
1.71567e+09,-33182.1,-17886.7,-69.3016,-0.017461,0.00724912,-0.00269609,0,0,0,0,-0.0102229,-0.0193689,-0.935191,-1.00174,-1.65834,-89.6179
1.71567e+09,-33182.1,-17886.7,-69.303,-0.0336998,0.0128346,-0.00400906,0,0,0,0,-0.0180865,-0.0168114,-0.93936,-1.79583,-1.40008,-90.0389
1.71567e+09,-33182.1,-17886.7,-69.2988,-0.0578831,0.0218382,-8.99568e-05,0,0,0,0,-0.0298717,-0.0126661,-0.944504,-2.98595,-0.981468,-90.5584
1.71567e+09,-33182.2,-17886.7,-69.2992,-0.0879266,0.0305586,-0.000625333,0,0,0,0,-0.044659,-0.00850071,-0.947874,-4.47925,-0.560821,-90.8988
1.71567e+09,-33182.2,-17886.7,-69.2944,-0.124477,0.0393629,0.00366188,0,0,0,0,-0.0627354,-0.00424576,-0.951849,-6.30473,-0.131128,-91.3001
1.71567e+09,-33182.3,-17886.6,-69.2938,-0.162204,0.0478782,0.00378945,0,0,0,0,-0.0814109,-0.000103513,-0.955757,-8.19071,0.287184,-91.6948
1.71567e+09,-33182.3,-17886.6,-69.2897,-0.201763,0.0560165,0.00682007,0,0,0,0,-0.100963,0.00377233,-0.960423,-10.1652,0.678596,-92.166
1.71567e+09,-33182.4,-17886.6,-69.2902,-0.241744,0.0636681,0.00543697,0,0,0,0,-0.120764,0.00756222,-0.965704,-12.1649,1.06133,-92.6993
1.71567e+09,-33182.4,-17886.6,-69.2872,-0.280576,0.0722749,0.0073272,0,0,0,0,-0.13997,0.0118403,-0.970368,-14.1043,1.49332,-93.1703
1.71567e+09,-33182.5,-17886.6,-69.2865,-0.315609,0.0811649,0.00713406,0,0,0,0,-0.157302,0.0161584,-0.974925,-15.8545,1.92936,-93.6304
1.71567e+09,-33182.6,-17886.6,-69.2815,-0.348727,0.0918588,0.0106187,0,0,0,0,-0.173653,0.0212831,-0.979471,-17.5056,2.44686,-94.0895
1.71567e+09,-33182.6,-17886.6,-69.2824,-0.378645,0.103158,0.00894472,0,0,0,0,-0.188416,0.0268369,-0.983875,-18.9964,3.0077,-94.5342
1.71567e+09,-33182.7,-17886.5,-69.2789,-0.404653,0.114435,0.0107903,0,0,0,0,-0.201219,0.0322641,-0.988876,-20.2893,3.55578,-95.0392
1.71567e+09,-33182.8,-17886.5,-69.2782,-0.428737,0.126718,0.0104483,0,0,0,0,-0.213088,0.0383067,-0.993149,-21.488,4.16599,-95.4708
1.71567e+09,-33182.8,-17886.5,-69.2737,-0.45092,0.140096,0.0128443,0,0,0,0,-0.224056,0.0448637,-0.998775,-22.5956,4.82816,-96.0389
1.71567e+09,-33182.9,-17886.5,-69.276,-0.470901,0.153325,0.00946878,0,0,0,0,-0.233925,0.0514144,-1.00392,-23.5922,5.48969,-96.5586
1.71567e+09,-33183,-17886.4,-69.2723,-0.4872,0.163584,0.011483,0,0,0,0,-0.242078,0.0565074,-1.00898,-24.4156,6.00402,-97.0691
1.71567e+09,-33183,-17886.4,-69.2717,-0.503685,0.17353,0.0107913,0,0,0,0,-0.250285,0.0613888,-1.01401,-25.2444,6.49699,-97.5778
1.71567e+09,-33183.1,-17886.4,-69.2708,-0.516253,0.181828,0.0100654,0,0,0,0,-0.256613,0.0654607,-1.02003,-25.8833,6.90815,-98.1856
1.71567e+09,-33183.1,-17886.4,-69.2709,-0.526425,0.186501,0.00874885,0,0,0,0,-0.261701,0.0677598,-1.02519,-26.3971,7.14032,-98.7066
1.71567e+09,-33183.2,-17886.3,-69.2681,-0.53317,0.186272,0.00999225,0,-0,0,0,-0.265108,0.067643,-1.03069,-26.7412,7.12853,-99.262
1.71567e+09,-33183.3,-17886.3,-69.2725,-0.541498,0.184158,0.00480219,0,-0,0,0,-0.269251,0.0665732,-1.03686,-27.1596,7.02049,-99.8851
1.71567e+09,-33183.3,-17886.3,-69.2699,-0.54482,0.176472,0.00587827,0,-0,0,0,-0.270998,0.0625884,-1.04345,-27.336,6.61808,-100.55
1.71567e+09,-33183.4,-17886.3,-69.2722,-0.549497,0.168882,0.00308199,0,-0,0,0,-0.273335,0.0587363,-1.04835,-27.5719,6.22908,-101.045
1.71567e+09,-33183.5,-17886.3,-69.2719,-0.551159,0.158834,0.00247509,0,-0,0,0,-0.274232,0.0536262,-1.05472,-27.6626,5.71303,-101.688
1.71567e+09,-33183.5,-17886.3,-69.2771,-0.556039,0.148156,-0.0030274,0,-0,0,0,-0.276697,0.0483024,-1.06101,-27.9115,5.1754,-102.324
1.71567e+09,-33183.6,-17886.3,-69.2783,-0.55819,0.137337,-0.00444584,0,-0,0,0,-0.277793,0.042784,-1.06793,-28.0221,4.61811,-103.022
1.71567e+09,-33183.6,-17886.3,-69.28,-0.560674,0.127997,-0.00596797,0,-0,0,0,-0.279059,0.0380945,-1.07329,-28.1501,4.14453,-103.564
1.71567e+09,-33183.7,-17886.3,-69.2817,-0.561019,0.119493,-0.00752026,0,-0,0,0,-0.279293,0.0337634,-1.07969,-28.1737,3.70718,-104.21
1.71567e+09,-33183.7,-17886.3,-69.2839,-0.562324,0.113826,-0.00929724,0,-0,0,0,-0.279968,0.0308562,-1.08522,-28.2418,3.41361,-104.769
1.71567e+09,-33183.8,-17886.3,-69.2851,-0.562296,0.108465,-0.0099326,0,-0,0,0,-0.279985,0.0280693,-1.0912,-28.2435,3.13219,-105.373
1.71567e+09,-33183.8,-17886.3,-69.2872,-0.563483,0.102847,-0.0113797,0,-0,0,0,-0.28063,0.0252625,-1.09645,-28.3086,2.84875,-105.903
1.71567e+09,-33183.9,-17886.2,-69.2879,-0.56291,0.0967624,-0.0112854,0,0,0,0,-0.280396,0.0221418,-1.10264,-28.2851,2.53361,-106.528
1.71567e+09,-33184,-17886.2,-69.2913,-0.566562,0.0922845,-0.0140423,0,-0,0,0,-0.282217,0.0197993,-1.10762,-28.4689,2.29705,-107.03
1.71567e+09,-33184,-17886.2,-69.289,-0.567345,0.0850718,-0.0106179,0,-0,0,0,-0.282635,0.0159624,-1.11244,-28.5111,1.90958,-107.518
1.71567e+09,-33184.1,-17886.2,-69.2926,-0.571306,0.0808373,-0.0135187,0,-0,0,0,-0.284613,0.0137035,-1.11746,-28.7109,1.68146,-108.024
1.71567e+09,-33184.1,-17886.2,-69.292,-0.574817,0.0771165,-0.0118722,0,-0,0,0,-0.286409,0.0116295,-1.12281,-28.8923,1.47201,-108.564
1.71567e+09,-33184.2,-17886.2,-69.2931,-0.581759,0.0733161,-0.0122284,0,-0,0,0,-0.289891,0.00964543,-1.12703,-29.2439,1.27164,-108.991
1.71567e+09,-33184.3,-17886.2,-69.2935,-0.586338,0.0719607,-0.0117391,0,-0,0,0,-0.292202,0.00884211,-1.13295,-29.4773,1.19052,-109.589
1.71567e+09,-33184.3,-17886.2,-69.2954,-0.592834,0.0709165,-0.0129053,0,-0,0,0,-0.295401,0.00822996,-1.13804,-29.8003,1.12871,-110.102
1.71567e+09,-33184.4,-17886.2,-69.296,-0.598591,0.0703263,-0.0124916,0,-0,0,0,-0.29821,0.00774774,-1.14342,-30.0839,1.08001,-110.646
1.71567e+09,-33184.5,-17886.2,-69.2969,-0.609267,0.0705289,-0.0125994,0,-0,0,0,-0.303446,0.00765239,-1.14761,-30.6127,1.07038,-111.069
1.71567e+09,-33184.6,-17886.2,-69.2944,-0.618753,0.071063,-0.00915275,0,0,0,0,-0.308163,0.00769103,-1.1525,-31.089,1.07429,-111.563
1.71567e+09,-33184.6,-17886.2,-69.3029,-0.631744,0.0709356,-0.0171071,0,-0,0,0,-0.314615,0.00748734,-1.16006,-31.7406,1.05372,-112.326
1.71567e+09,-33184.7,-17886.2,-69.3071,-0.644713,0.0711402,-0.0197626,0,-0,0,0,-0.321085,0.00725811,-1.16756,-32.3939,1.03057,-113.084
1.71567e+09,-33184.8,-17886.2,-69.3121,-0.661178,0.072243,-0.0233977,0,0,0,0,-0.329281,0.00768797,-1.17345,-33.2216,1.07398,-113.678
1.71567e+09,-33184.9,-17886.2,-69.3141,-0.675778,0.0733207,-0.0231068,0,0,0,0,-0.336673,0.00806762,-1.17954,-33.9681,1.11232,-114.294
1.71567e+09,-33184.9,-17886.2,-69.3202,-0.691931,0.0753506,-0.0276152,0,0,0,0,-0.344765,0.00897012,-1.18592,-34.7854,1.20346,-114.938
1.71567e+09,-33185,-17886.1,-69.3205,-0.703119,0.0790673,-0.0251692,0,0,0,0,-0.350529,0.01076,-1.19096,-35.3674,1.3842,-115.447
1.71567e+09,-33185.1,-17886.1,-69.3227,-0.713579,0.0837057,-0.0255798,0,0,0,0,-0.355812,0.0129208,-1.19529,-35.9009,1.60239,-115.884
1.71567e+09,-33185.2,-17886.1,-69.321,-0.716577,0.0882562,-0.0212657,0,0,0,0,-0.357476,0.0149783,-1.19989,-36.0689,1.81017,-116.349
1.71567e+09,-33185.2,-17886.1,-69.3231,-0.720099,0.0947183,-0.0220338,0,0,0,0,-0.359272,0.0180698,-1.2039,-36.2503,2.12235,-116.754
1.71567e+09,-33185.3,-17886.1,-69.3201,-0.717509,0.0995155,-0.0169638,0,0,0,-0,-0.357997,0.0202791,-1.20759,-36.1215,2.34546,-117.126
1.71567e+09,-33185.4,-17886.1,-69.3202,-0.716098,0.105862,-0.0159532,0,0,0,0,-0.357249,0.0233303,-1.21113,-36.046,2.65358,-117.484
1.71567e+09,-33185.5,-17886.1,-69.3175,-0.710515,0.111835,-0.0118624,0,0,0,-0,-0.354373,0.0261938,-1.21557,-35.7555,2.94275,-117.932
1.71567e+09,-33185.5,-17886,-69.3177,-0.711713,0.116934,-0.0113826,-0,0,0,0,-0.354907,0.0286294,-1.21882,-35.8095,3.18872,-118.26
1.71567e+09,-33185.6,-17886,-69.3148,-0.714442,0.120264,-0.00768344,0,0,0,0,-0.356261,0.0301536,-1.22312,-35.9462,3.34264,-118.695
1.71567e+09,-33185.7,-17886,-69.3144,-0.723907,0.124029,-0.0069114,0,0,0,0,-0.361,0.0319349,-1.22692,-36.4248,3.52253,-119.078
1.71567e+09,-33185.8,-17886,-69.3095,-0.733813,0.126522,-0.00185837,0,0,0,0,-0.366053,0.0330373,-1.23071,-36.9351,3.63386,-119.461
1.71567e+09,-33185.8,-17886,-69.3074,-0.745573,0.128971,0.000123737,0,0,0,0,-0.371967,0.0342109,-1.23436,-37.5323,3.75236,-119.83
1.71567e+09,-33185.9,-17886,-69.3057,-0.754641,0.131966,0.00141439,0,0,0,0,-0.376521,0.035646,-1.23929,-37.9921,3.89729,-120.327
1.71567e+09,-33186,-17885.9,-69.3061,-0.765249,0.134859,0.000617005,0,0,0,0,-0.381783,0.0369882,-1.24422,-38.5235,4.03282,-120.825
1.71567e+09,-33186.1,-17885.9,-69.3048,-0.775256,0.135833,0.00120432,0,0,0,0,-0.386793,0.0373704,-1.25009,-39.0294,4.07142,-121.417
1.71567e+09,-33186.2,-17885.9,-69.3079,-0.790888,0.135492,-0.00203724,0,-0,0,0,-0.394581,0.0371042,-1.25532,-39.8158,4.04453,-121.946
1.71567e+09,-33186.3,-17885.9,-69.305,-0.802647,0.131958,0.00025984,0,-0,0,0,-0.40074,0.0351685,-1.26162,-40.4379,3.84905,-122.583
1.71567e+09,-33186.4,-17885.9,-69.3082,-0.819865,0.128221,-0.00301349,0,-0,0,0,-0.409421,0.0332575,-1.2664,-41.3146,3.65607,-123.064
1.71567e+09,-33186.5,-17885.9,-69.3057,-0.831545,0.122173,-0.000788678,0,-0,0,0,-0.41557,0.0301611,-1.27159,-41.9355,3.34337,-123.589
1.71567e+09,-33186.6,-17885.9,-69.307,-0.839307,0.119697,-0.0021908,0,-0,0,0,-0.419596,0.0288956,-1.27648,-42.3421,3.21557,-124.082
1.71567e+09,-33186.7,-17885.9,-69.304,-0.838112,0.11791,0.000506612,0,0,0,0,-0.419215,0.0278962,-1.28138,-42.3035,3.11435,-124.579
1.71567e+09,-33186.7,-17885.9,-69.3049,-0.835678,0.11632,-0.000668081,0,0,0,0,-0.418113,0.0270185,-1.28614,-42.1922,3.02572,-125.059
1.71567e+09,-33186.8,-17885.9,-69.2998,-0.82535,0.115046,0.00393943,0,0,0,0,-0.413042,0.0262322,-1.28996,-41.6801,2.94632,-125.445
1.71567e+09,-33186.9,-17885.8,-69.2982,-0.81429,0.114867,0.00487204,0,0,0,0,-0.407602,0.0261239,-1.29399,-41.1308,2.93538,-125.853
1.71567e+09,-33187,-17885.8,-69.2943,-0.802102,0.113304,0.00774512,0,0,0,0,-0.40159,0.025345,-1.29825,-40.5237,2.85672,-126.283
1.71567e+09,-33187,-17885.8,-69.2939,-0.79487,0.113278,0.0072992,0,0,0,0,-0.397973,0.0253257,-1.30251,-40.1584,2.85478,-126.713
1.71567e+09,-33187.1,-17885.8,-69.2919,-0.785342,0.11384,0.00785238,0,0,0,-0,-0.393261,0.0256076,-1.3083,-39.6826,2.88325,-127.297
1.71567e+09,-33187.2,-17885.8,-69.2928,-0.783415,0.11381,0.00617374,0,-0,0,0,-0.392352,0.0255817,-1.31329,-39.5907,2.88063,-127.801
1.71567e+09,-33187.3,-17885.8,-69.2912,-0.78112,0.111911,0.00640542,0,0,0,0,-0.391474,0.0245024,-1.31959,-39.5021,2.77164,-128.437
1.71567e+09,-33187.3,-17885.8,-69.2931,-0.783727,0.111965,0.00385564,0,-0,0,0,-0.392979,0.0244494,-1.32516,-39.6541,2.76629,-129
1.71567e+09,-33187.4,-17885.8,-69.2909,-0.781405,0.109857,0.00501481,0,0,0,0,-0.392133,0.0231788,-1.33094,-39.5686,2.63796,-129.584
1.71567e+09,-33187.5,-17885.8,-69.291,-0.778548,0.10721,0.00431263,0,0,0,0,-0.390834,0.0217825,-1.33536,-39.4375,2.49697,-130.03
1.71567e+09,-33187.6,-17885.7,-69.2871,-0.768613,0.105625,0.0069227,0,0,0,0,-0.385999,0.0209564,-1.34063,-38.9493,2.41355,-130.562
1.71567e+09,-33187.6,-17885.7,-69.2875,-0.763654,0.103274,0.00585905,0,0,0,0,-0.383562,0.0198213,-1.34472,-38.7032,2.29892,-130.976
1.71567e+09,-33187.7,-17885.7,-69.2822,-0.753228,0.100268,0.00952613,0,0,0,0,-0.378461,0.0183954,-1.35015,-38.1881,2.15493,-131.524
1.71567e+09,-33187.7,-17885.7,-69.2847,-0.750764,0.0987322,0.00638696,0,0,0,0,-0.377305,0.0176381,-1.35479,-38.0713,2.07846,-131.993
1.71567e+09,-33187.8,-17885.7,-69.2779,-0.745742,0.0977019,0.0118242,0,0,0,0,-0.374914,0.0170144,-1.35827,-37.8298,2.01547,-132.344
1.71567e+09,-33187.9,-17885.7,-69.2744,-0.743558,0.102591,0.0141463,0,0,0,-0,-0.373885,0.0193216,-1.36137,-37.7259,2.24847,-132.657
1.71567e+09,-33188,-17885.7,-69.2657,-0.739042,0.112374,0.0205384,0,0,0,0,-0.371736,0.0240079,-1.3644,-37.5089,2.72172,-132.963
1.71567e+09,-33188,-17885.7,-69.2614,-0.737065,0.124333,0.0229069,0,0,0,-0,-0.370786,0.0298636,-1.36735,-37.4129,3.31308,-133.261
1.71567e+09,-33188.1,-17885.6,-69.2529,-0.733824,0.141423,0.0280236,0,0,0,0,-0.369229,0.0382942,-1.37106,-37.2557,4.16447,-133.635
1.71567e+09,-33188.2,-17885.6,-69.2491,-0.735187,0.156721,0.0293747,0,0,0,0,-0.369923,0.0459028,-1.37453,-37.3257,4.93277,-133.986
1.71567e+09,-33188.3,-17885.6,-69.2393,-0.733969,0.168837,0.0346527,0,0,0,-0,-0.369368,0.0520708,-1.3788,-37.2697,5.55561,-134.417
1.71567e+09,-33188.3,-17885.5,-69.2376,-0.739052,0.177882,0.0337607,-0,0,0,0,-0.371913,0.0566298,-1.38281,-37.5268,6.016,-134.822
1.71567e+09,-33188.4,-17885.5,-69.2299,-0.741686,0.183109,0.0368264,0,0,0,0,-0.373318,0.0594442,-1.38745,-37.6687,6.3002,-135.29
1.71567e+09,-33188.5,-17885.5,-69.2262,-0.748926,0.185761,0.0373093,0,0,0,0,-0.376979,0.0608272,-1.39149,-38.0384,6.43986,-135.698
1.71567e+09,-33188.6,-17885.5,-69.2185,-0.753163,0.185276,0.0399649,0,-0,0,0,-0.379224,0.0606692,-1.39648,-38.265,6.4239,-136.202
1.71567e+09,-33188.6,-17885.5,-69.2161,-0.758064,0.183877,0.0389342,0,-0,0,0,-0.381739,0.0600282,-1.40113,-38.519,6.35918,-136.672
1.71567e+09,-33188.7,-17885.5,-69.2106,-0.758582,0.178236,0.0392612,0,-0,0,0,-0.382052,0.0573023,-1.40717,-38.5506,6.08389,-137.282
1.71567e+09,-33188.8,-17885.4,-69.2116,-0.76071,0.170697,0.0349095,0,-0,0,0,-0.383118,0.0536183,-1.41351,-38.6583,5.71185,-137.922
1.71567e+09,-33188.9,-17885.4,-69.2093,-0.759371,0.158038,0.0324972,0,0,0,0,-0.382433,0.0474035,-1.42075,-38.5891,5.08422,-138.654
1.71567e+09,-33189,-17885.4,-69.2133,-0.760782,0.142673,0.0257187,0,-0,0,0,-0.383114,0.0398879,-1.42805,-38.6579,4.32532,-139.39
1.71567e+09,-33189,-17885.4,-69.2117,-0.760374,0.126998,0.0233854,0,0,0,0,-0.382909,0.0323088,-1.43594,-38.6372,3.55998,-140.187
1.71567e+09,-33189.1,-17885.4,-69.2159,-0.766969,0.118165,0.0174139,0,-0,0,0,-0.386183,0.027963,-1.44251,-38.9678,3.12114,-140.851
1.71567e+09,-33189.2,-17885.4,-69.2112,-0.767882,0.113319,0.0188657,0,-0,0,0,-0.386716,0.025455,-1.44899,-39.0216,2.86786,-141.505
1.71567e+09,-33189.3,-17885.4,-69.22,-0.773191,0.116826,0.00870386,0,0,0,0,-0.389376,0.027175,-1.4576,-39.2903,3.04155,-142.374
1.71567e+09,-33189.4,-17885.4,-69.2255,-0.778515,0.122203,0.00189249,0,0,0,0,-0.392049,0.0298986,-1.46661,-39.5602,3.31659,-143.284
1.71567e+09,-33189.4,-17885.4,-69.2324,-0.789107,0.125022,-0.0053238,0,0,0,0,-0.397294,0.0314061,-1.47428,-40.0898,3.46883,-144.059
1.71567e+09,-33189.5,-17885.4,-69.2388,-0.798288,0.125885,-0.0116047,0,0,0,0,-0.401795,0.0319984,-1.48339,-40.5444,3.52865,-144.979
1.71567e+09,-33189.6,-17885.4,-69.249,-0.812905,0.123113,-0.0210273,0,-0,0,0,-0.409002,0.0307568,-1.49206,-41.2722,3.40327,-145.855
1.71567e+09,-33189.7,-17885.4,-69.2552,-0.830132,0.117943,-0.0251652,0,-0,0,0,-0.417727,0.0286155,-1.50065,-42.1533,3.18701,-146.722
1.71567e+09,-33189.8,-17885.3,-69.2656,-0.851848,0.11535,-0.0337083,0,-0,0,0,-0.428664,0.0276109,-1.5092,-43.2577,3.08558,-147.585
1.71567e+09,-33190,-17885.3,-69.2694,-0.865243,0.115179,-0.0337948,0,0,0,0,-0.435637,0.0276978,-1.51595,-43.9619,3.09435,-148.267
1.71567e+09,-33190,-17885.3,-69.2741,-0.875613,0.120964,-0.0357617,0,0,0,0,-0.440912,0.0305416,-1.52161,-44.4945,3.38152,-148.838
1.71567e+09,-33190.1,-17885.3,-69.2791,-0.885308,0.129107,-0.0374996,0,0,0,0,-0.445897,0.034463,-1.52784,-44.9979,3.77752,-149.468
1.71567e+09,-33190.2,-17885.3,-69.2836,-0.895997,0.138672,-0.0392853,0,0,0,0,-0.451362,0.0391174,-1.53309,-45.5498,4.24754,-149.997
1.71567e+09,-33190.3,-17885.2,-69.2819,-0.897982,0.144473,-0.0331864,0,0,0,0,-0.452592,0.041984,-1.53694,-45.674,4.53703,-150.386
1.71567e+09,-33190.4,-17885.2,-69.2858,-0.902107,0.149071,-0.0349303,0,0,0,0,-0.454738,0.0443488,-1.54142,-45.8907,4.77584,-150.839
1.71567e+09,-33190.5,-17885.2,-69.2864,-0.901806,0.151065,-0.0319567,0,0,0,0,-0.454748,0.0455429,-1.54608,-45.8917,4.89643,-151.309
1.71567e+09,-33190.6,-17885.2,-69.2907,-0.903445,0.150311,-0.0338189,0,-0,0,0,-0.455635,0.0453263,-1.55109,-45.9814,4.87455,-151.815
1.71567e+09,-33190.7,-17885.2,-69.2901,-0.901962,0.148011,-0.029796,0,0,0,0,-0.455063,0.0443831,-1.55525,-45.9236,4.7793,-152.235
1.71567e+09,-33190.8,-17885.2,-69.293,-0.90598,0.149395,-0.0304867,0,0,0,0,-0.457237,0.0452666,-1.55981,-46.1431,4.86852,-152.697
1.71567e+09,-33190.9,-17885.2,-69.29,-0.905693,0.152065,-0.0242951,0,0,0,0,-0.457541,0.0469472,-1.56385,-46.1738,5.03822,-153.104
1.71567e+09,-33191,-17885.1,-69.2913,-0.907773,0.154762,-0.0240478,0,0,0,0,-0.45882,0.0484463,-1.56743,-46.303,5.1896,-153.465
1.71567e+09,-33191.1,-17885.1,-69.2896,-0.900644,0.158184,-0.0199871,0,0,0,-0,-0.455705,0.0503916,-1.57211,-45.9884,5.38604,-153.939
1.71567e+09,-33191.1,-17885.1,-69.2938,-0.897026,0.157181,-0.0229105,0,-0,0,0,-0.45411,0.0500089,-1.57725,-45.8273,5.3474,-154.457
1.71567e+09,-33191.2,-17885.1,-69.2919,-0.885795,0.152201,-0.0187354,0,0,0,0,-0.448834,0.0476678,-1.58199,-45.2946,5.11098,-154.936
1.71567e+09,-33191.3,-17885.1,-69.2936,-0.878271,0.14964,-0.0192724,0,0,0,0,-0.445214,0.0464471,-1.58587,-44.9289,4.98771,-155.328
1.71567e+09,-33191.4,-17885.1,-69.2907,-0.864264,0.144911,-0.0146533,0,0,0,0,-0.438447,0.0442385,-1.59025,-44.2455,4.76466,-155.77
1.71567e+09,-33191.4,-17885.1,-69.2914,-0.856246,0.143417,-0.0143784,0,0,0,0,-0.434609,0.0436504,-1.59431,-43.8579,4.70527,-156.18
1.71567e+09,-33191.5,-17885,-69.2872,-0.84662,0.141844,-0.00906455,0,0,0,0,-0.430045,0.0431413,-1.59794,-43.3971,4.65387,-156.547
1.71567e+09,-33191.6,-17885,-69.2888,-0.842413,0.14099,-0.010112,0,0,0,0,-0.428123,0.0428662,-1.60266,-43.203,4.62609,-157.023
1.71567e+09,-33191.7,-17885,-69.2861,-0.837331,0.142657,-0.00680462,0,0,0,-0,-0.425852,0.0439037,-1.60726,-42.9737,4.73085,-157.488
1.71567e+09,-33191.8,-17885,-69.2869,-0.836897,0.143924,-0.00730211,0,0,0,0,-0.425794,0.0446747,-1.61172,-42.9678,4.8087,-157.938
1.71567e+09,-33191.9,-17885,-69.2818,-0.835681,0.14313,-0.00193337,0,0,0,0,-0.425425,0.0444308,-1.61485,-42.9305,4.78408,-158.254
1.71567e+09,-33191.9,-17885,-69.2811,-0.838098,0.142406,-0.00130635,0,-0,0,0,-0.426768,0.0442076,-1.61869,-43.0661,4.76154,-158.642
1.71567e+09,-33192,-17885,-69.2771,-0.834792,0.137377,0.00207555,0,0,0,0,-0.425374,0.0419098,-1.62426,-42.9253,4.52949,-159.204
1.71567e+09,-33192.1,-17885,-69.2828,-0.839955,0.12944,-0.00376459,0,-0,0,0,-0.428017,0.0380826,-1.63027,-43.1923,4.143,-159.811
1.71567e+09,-33192.2,-17885,-69.284,-0.842567,0.116363,-0.00521113,0,-0,0,0,-0.42952,0.0317053,-1.6377,-43.344,3.49897,-160.562
1.71567e+09,-33192.3,-17885,-69.2908,-0.850706,0.0990627,-0.0116894,0,-0,0,0,-0.433726,0.0232494,-1.64512,-43.7688,2.64504,-161.311
1.71567e+09,-33192.4,-17885,-69.2985,-0.857713,0.076305,-0.0185219,0,-0,0,0,-0.437539,0.0121775,-1.65491,-44.1539,1.5269,-162.3
1.71567e+09,-33192.5,-17885,-69.3115,-0.867998,0.0512461,-0.0301225,0,-0,0,0,-0.442877,3.30711e-05,-1.66497,-44.693,0.300569,-163.316
1.71567e+09,-33192.6,-17885,-69.3235,-0.873646,0.024827,-0.039024,0,-0,0,0,-0.446048,-0.0127457,-1.67564,-45.0131,-0.989823,-164.393
1.71567e+09,-33192.6,-17885,-69.3376,-0.880999,0.00348035,-0.0504288,0,-0,0,0,-0.449859,-0.0232814,-1.68486,-45.3979,-2.05373,-165.324
1.71567e+09,-33192.8,-17885,-69.3464,-0.878632,-0.012,-0.0529515,0,0,0,0,-0.448987,-0.0310982,-1.69352,-45.3099,-2.84309,-166.199
1.71567e+09,-33192.8,-17885.1,-69.3555,-0.881601,-0.0175978,-0.0589465,0,-0,0,0,-0.450563,-0.0339847,-1.69964,-45.469,-3.13458,-166.817
1.71567e+09,-33192.9,-17885.1,-69.3606,-0.874273,-0.017683,-0.0570567,0,0,0,0,-0.447206,-0.034121,-1.70555,-45.1301,-3.14835,-167.413
1.71567e+09,-33193,-17885.1,-69.3668,-0.871228,-0.011929,-0.0593838,0,0,0,-0,-0.44583,-0.0312595,-1.71038,-44.9911,-2.85937,-167.902
1.71567e+09,-33193.1,-17885,-69.3698,-0.864551,-0.00517277,-0.0558785,0,0,0,0,-0.442768,-0.0278394,-1.71495,-44.6819,-2.51398,-168.363
1.71567e+09,-33193.2,-17885,-69.3742,-0.860214,0.000840534,-0.0555488,0,0,0,-0,-0.440818,-0.0248358,-1.71954,-44.485,-2.21065,-168.826
1.71567e+09,-33193.2,-17885,-69.377,-0.85569,0.00401289,-0.0532057,0,0,0,0,-0.438809,-0.0232739,-1.72356,-44.282,-2.05292,-169.233
1.71567e+09,-33193.3,-17885,-69.3804,-0.853044,0.00479093,-0.0520681,0,0,0,-0,-0.437743,-0.0229016,-1.72773,-44.1741,-2.01522,-169.654
1.71567e+09,-33193.4,-17885,-69.3824,-0.845434,0.00767822,-0.048028,0,0,0,0,-0.434319,-0.0215557,-1.73267,-43.8284,-1.87931,-170.153
1.71567e+09,-33193.5,-17885,-69.3866,-0.840479,0.0120131,-0.0486825,0,0,0,-0,-0.432066,-0.0194758,-1.73718,-43.6009,-1.66927,-170.609
1.71567e+09,-33193.6,-17885,-69.3871,-0.831851,0.0197467,-0.0442625,0,0,0,0,-0.428034,-0.0156654,-1.74081,-43.1937,-1.28449,-170.975
1.71567e+09,-33193.6,-17885,-69.3825,-0.827024,0.0328336,-0.0364874,0,0,0,-0,-0.425778,-0.00919742,-1.74117,-42.9659,-0.63133,-171.012
1.71567e+09,-33193.7,-17885,-69.3739,-0.818167,0.0486695,-0.0241583,0,0,0,0,-0.421605,-0.00128812,-1.74144,-42.5445,0.167392,-171.039
1.71567e+09,-33193.8,-17885,-69.3687,-0.81077,0.0685882,-0.0171731,0,0,0,-0,-0.418029,0.00855305,-1.74281,-42.1833,1.16121,-171.177
1.71567e+09,-33193.9,-17884.9,-69.361,-0.800884,0.0905585,-0.00812554,0,0,0,0,-0.413202,0.0194293,-1.74409,-41.6959,2.25957,-171.307
1.71567e+09,-33193.9,-17884.9,-69.3558,-0.79366,0.11315,-0.00257306,0,0,0,-0,-0.409709,0.0305993,-1.74602,-41.3431,3.3876,-171.502
1.71567e+09,-33194,-17884.9,-69.3486,-0.788678,0.135964,0.00445614,0,0,0,0,-0.407373,0.0419507,-1.74828,-41.1072,4.53395,-171.73
1.71567e+09,-33194.1,-17884.8,-69.3437,-0.789512,0.157061,0.00857123,0,0,0,0,-0.407946,0.0524495,-1.75115,-41.1653,5.59732,-172.021
1.71567e+09,-33194.2,-17884.8,-69.3375,-0.791048,0.174571,0.0132778,0,0,0,0,-0.408961,0.0613295,-1.75469,-41.2677,6.49401,-172.378
1.71567e+09,-33194.2,-17884.8,-69.3347,-0.795159,0.186599,0.0146401,0,0,0,0,-0.411242,0.0674702,-1.75882,-41.498,7.1141,-172.795
1.71567e+09,-33194.3,-17884.7,-69.3291,-0.795236,0.191515,0.0175155,0,0,0,0,-0.41162,0.0701613,-1.76432,-41.5362,7.38586,-173.35
1.71567e+09,-33194.4,-17884.7,-69.331,-0.800538,0.190826,0.0142894,0,-0,0,0,-0.414398,0.069932,-1.76962,-41.8168,7.3627,-173.886
1.71567e+09,-33194.5,-17884.7,-69.3301,-0.799609,0.181471,0.0129173,0,0,0,0,-0.414194,0.0654606,-1.7765,-41.7962,6.91116,-174.58
1.71567e+09,-33194.6,-17884.7,-69.335,-0.802385,0.170916,0.0070782,0,-0,0,0,-0.415672,0.0603061,-1.78301,-41.9454,6.39063,-175.238
1.71567e+09,-33194.7,-17884.7,-69.3355,-0.801594,0.157768,0.00510154,0,0,0,0,-0.415435,0.053843,-1.79035,-41.9215,5.73794,-175.979
1.71567e+09,-33194.7,-17884.7,-69.34,-0.802897,0.144496,-6.74466e-05,0,-0,0,0,-0.416184,0.0472878,-1.79763,-41.9972,5.07594,-176.715
1.71567e+09,-33194.8,-17884.7,-69.3438,-0.800877,0.129799,-0.00425652,0,0,0,0,-0.415308,0.0400704,-1.80536,-41.9087,4.34707,-177.495
1.71567e+09,-33194.9,-17884.7,-69.3484,-0.801482,0.118779,-0.00877883,0,-0,0,0,-0.415714,0.0346847,-1.81237,-41.9496,3.80319,-178.203
1.71567e+09,-33195,-17884.7,-69.3528,-0.801589,0.1086,-0.0126306,0,-0,0,0,-0.415866,0.0296182,-1.81997,-41.965,3.29157,-178.971
1.71567e+09,-33195.1,-17884.7,-69.3592,-0.803577,0.101383,-0.018087,0,-0,0,0,-0.416977,0.0260626,-1.82742,-42.0772,2.93253,-179.722
1.71567e+09,-33195.1,-17884.7,-69.363,-0.804823,0.0955242,-0.020292,0,-0,0,0,-0.417726,0.0230985,-1.83503,-42.1529,2.6332,-180.491
1.71567e+09,-33195.2,-17884.7,-69.3698,-0.812374,0.0917095,-0.0257959,0,-0,0,0,-0.421579,0.0212425,-1.84141,-42.542,2.44578,-181.136
1.71567e+09,-33195.3,-17884.7,-69.3727,-0.815584,0.0909536,-0.0261939,0,-0,0,0,-0.423355,0.0207978,-1.84803,-42.7212,2.40087,-181.804
1.71567e+09,-33195.4,-17884.7,-69.3774,-0.820623,0.0916374,-0.0287534,0,0,0,0,-0.426024,0.0211448,-1.85417,-42.9908,2.43591,-182.424
1.71567e+09,-33195.5,-17884.7,-69.3805,-0.822415,0.0943123,-0.0292113,0,0,0,0,-0.427083,0.0224692,-1.86035,-43.0977,2.56966,-183.048
1.71567e+09,-33195.6,-17884.6,-69.386,-0.824531,0.0991971,-0.0325673,0,0,0,0,-0.428204,0.024888,-1.86616,-43.2109,2.81393,-183.635
1.71567e+09,-33195.7,-17884.6,-69.3865,-0.819482,0.104602,-0.0294967,0,0,0,-0,-0.425832,0.0276905,-1.87146,-42.9714,3.09695,-184.17
1.71567e+09,-33195.7,-17884.6,-69.3888,-0.82045,0.112421,-0.0299261,-0,0,0,0,-0.426346,0.0316391,-1.8754,-43.0234,3.49571,-184.568
1.71567e+09,-33195.8,-17884.6,-69.3873,-0.817132,0.120905,-0.0252242,0,0,0,-0,-0.424769,0.0359303,-1.87992,-42.8641,3.92903,-185.024
1.71567e+09,-33195.9,-17884.6,-69.3904,-0.818047,0.129792,-0.0267492,-0,0,0,0,-0.425256,0.0403601,-1.88438,-42.9132,4.37635,-185.475
1.71567e+09,-33196,-17884.5,-69.3888,-0.81608,0.138868,-0.0224285,0,0,0,-0,-0.42436,0.0449113,-1.88903,-42.8227,4.83594,-185.944
1.71567e+09,-33196,-17884.5,-69.3905,-0.820867,0.148056,-0.0226286,-0,0,0,0,-0.426795,0.0495273,-1.89285,-43.0686,5.30208,-186.33
1.71567e+09,-33196.1,-17884.5,-69.3897,-0.823704,0.156887,-0.0196637,0,0,0,0,-0.428302,0.0538736,-1.89838,-43.2209,5.741,-186.888
1.71567e+09,-33196.2,-17884.5,-69.3942,-0.832442,0.165579,-0.0228965,0,0,0,0,-0.432668,0.0582134,-1.90365,-43.6618,6.17925,-187.421
1.71567e+09,-33196.3,-17884.4,-69.3943,-0.838245,0.172137,-0.0208589,0,0,0,0,-0.43568,0.0616149,-1.90888,-43.9659,6.52275,-187.949
1.71567e+09,-33196.4,-17884.4,-69.3939,-0.84791,0.178402,-0.0188714,0,0,0,0,-0.440474,0.0648166,-1.91283,-44.45,6.84609,-188.348
1.71567e+09,-33196.5,-17884.4,-69.3923,-0.854948,0.184206,-0.0156902,0,0,0,0,-0.444133,0.0680314,-1.91697,-44.8196,7.17074,-188.766
1.71567e+09,-33196.6,-17884.4,-69.3923,-0.864991,0.191771,-0.0147343,0,0,0,0,-0.449098,0.0717515,-1.92088,-45.321,7.54643,-189.16
1.71567e+09,-33196.7,-17884.3,-69.3885,-0.869924,0.196907,-0.00965504,0,0,0,0,-0.451744,0.0744397,-1.92519,-45.5881,7.81789,-189.595
1.71567e+09,-33196.8,-17884.3,-69.3875,-0.879525,0.201858,-0.00816598,0,0,0,0,-0.456518,0.0767749,-1.92871,-46.0703,8.0537,-189.952
1.71567e+09,-33196.9,-17884.3,-69.3845,-0.8865,0.202879,-0.00476155,0,0,0,0,-0.460127,0.0774981,-1.93332,-46.4347,8.12672,-190.417
1.71567e+09,-33197,-17884.3,-69.3843,-0.898185,0.202845,-0.00440289,0,-0,0,0,-0.465903,0.0774179,-1.937,-47.018,8.11863,-190.788
1.71567e+09,-33197.1,-17884.3,-69.3809,-0.906808,0.200524,-0.00115208,0,-0,0,0,-0.470343,0.0764389,-1.94211,-47.4664,8.01976,-191.305
1.71567e+09,-33197.2,-17884.3,-69.3816,-0.91923,0.197536,-0.00194326,0,-0,0,0,-0.476617,0.0750878,-1.94626,-48.0999,7.88332,-191.724
1.71567e+09,-33197.3,-17884.2,-69.3781,-0.927309,0.1933,0.00125794,0,-0,0,0,-0.480631,0.072967,-1.95115,-48.5052,7.66914,-192.218
1.71567e+09,-33197.4,-17884.2,-69.379,-0.938664,0.1885,1.58928e-06,0,-0,0,0,-0.486215,0.0705863,-1.956,-49.0692,7.42872,-192.707
1.71567e+09,-33197.5,-17884.2,-69.3776,-0.946204,0.183531,0.000839007,0,-0,0,0,-0.489953,0.0681566,-1.96171,-49.4467,7.18335,-193.284
1.71567e+09,-33197.6,-17884.2,-69.3795,-0.955684,0.179804,-0.00136741,0,-0,0,0,-0.494745,0.0664206,-1.96746,-49.9306,7.00804,-193.864
1.71567e+09,-33197.7,-17884.2,-69.38,-0.963808,0.175929,-0.00233054,0,-0,0,0,-0.499009,0.0646958,-1.97433,-50.3612,6.83387,-194.558
1.71567e+09,-33197.8,-17884.2,-69.3861,-0.977747,0.173177,-0.00835575,0,-0,0,0,-0.506067,0.0633978,-1.98112,-51.074,6.7028,-195.244
1.71567e+09,-33197.9,-17884.1,-69.3854,-0.984167,0.172331,-0.00732926,0,-0,0,0,-0.509557,0.0630431,-1.98819,-51.4264,6.66699,-195.958
1.71567e+09,-33198,-17884.1,-69.3911,-0.995884,0.172782,-0.0126039,0,0,0,0,-0.515453,0.0632464,-1.99403,-52.0218,6.68751,-196.548
1.71567e+09,-33198.1,-17884.1,-69.3912,-1.00064,0.17251,-0.0118407,0,-0,0,0,-0.51795,0.0630709,-2.00017,-52.2739,6.66979,-197.168
1.71567e+09,-33198.2,-17884.1,-69.3944,-1.009,0.174038,-0.0142887,0,0,0,0,-0.522159,0.0638786,-2.00569,-52.699,6.75136,-197.725
1.71567e+09,-33198.3,-17884.1,-69.3958,-1.01061,0.174373,-0.0145805,0,0,0,0,-0.523161,0.0643079,-2.0121,-52.8001,6.79472,-198.372
1.71567e+09,-33198.4,-17884.1,-69.3991,-1.01335,0.175205,-0.0168301,0,0,0,0,-0.52472,0.0649607,-2.01796,-52.9576,6.86064,-198.964
1.71567e+09,-33198.5,-17884,-69.3987,-1.0131,0.178009,-0.0150023,0,0,0,-0,-0.524707,0.066318,-2.02308,-52.9563,6.99771,-199.481
1.71567e+09,-33198.6,-17884,-69.4009,-1.01535,0.182722,-0.0162186,-0,0,0,0,-0.525914,0.0685276,-2.02801,-53.0782,7.22084,-199.979
1.71567e+09,-33198.8,-17884,-69.399,-1.01089,0.187615,-0.0129618,0,0,0,-0,-0.524003,0.0710126,-2.03331,-52.8851,7.47178,-200.514
1.71567e+09,-33198.8,-17884,-69.4006,-1.01045,0.191644,-0.0137822,-0,0,0,0,-0.524017,0.0731801,-2.03793,-52.8866,7.69065,-200.98
1.71567e+09,-33199,-17883.9,-69.3993,-1.00412,0.193196,-0.0113978,0,0,0,-0,-0.521169,0.0742253,-2.04315,-52.599,7.7962,-201.508
1.71567e+09,-33199,-17883.9,-69.4026,-1.00533,0.195016,-0.0139993,-0,0,0,0,-0.52183,0.0751136,-2.04827,-52.6657,7.88591,-202.025
1.71567e+09,-33199.2,-17883.9,-69.4023,-1.00066,0.190095,-0.0126562,0,0,0,0,-0.519612,0.0725479,-2.0546,-52.4418,7.6268,-202.664
1.71567e+09,-33199.2,-17883.9,-69.4059,-1.00141,0.182737,-0.0155169,0,-0,0,0,-0.520106,0.0689695,-2.0597,-52.4916,7.26544,-203.179
1.71567e+09,-33199.3,-17883.9,-69.4055,-0.999083,0.171168,-0.0138316,0,0,0,0,-0.519198,0.0633615,-2.06524,-52.4,6.69911,-203.739
1.71567e+09,-33199.4,-17883.9,-69.4081,-1.00057,0.159067,-0.0154763,0,-0,0,0,-0.519966,0.0572882,-2.07045,-52.4776,6.08579,-204.265
1.71567e+09,-33199.5,-17883.9,-69.407,-0.999637,0.145641,-0.0131422,0,0,0,0,-0.51959,0.0505427,-2.07565,-52.4396,5.40458,-204.79
1.71567e+09,-33199.6,-17883.9,-69.4096,-1.003,0.133622,-0.0149259,0,-0,0,0,-0.521352,0.0446596,-2.08073,-52.6174,4.81045,-205.303
1.71567e+09,-33199.8,-17883.9,-69.4081,-1.00068,0.122687,-0.012241,0,0,0,0,-0.520483,0.0394085,-2.08624,-52.5297,4.28021,-205.86
1.71567e+09,-33199.8,-17883.9,-69.4104,-1.00492,0.114838,-0.0137511,0,-0,0,0,-0.522739,0.035537,-2.09082,-52.7576,3.88926,-206.322
1.71567e+09,-33200,-17883.9,-69.4067,-1.00122,0.109687,-0.00904099,0,0,0,0,-0.521181,0.0328976,-2.09626,-52.6002,3.62272,-206.871
1.71567e+09,-33200,-17883.9,-69.4108,-1.00126,0.106666,-0.0126011,0,-0,0,0,-0.521281,0.0313347,-2.10179,-52.6103,3.4649,-207.43
1.71567e+09,-33200.1,-17883.9,-69.413,-0.995405,0.103632,-0.0139063,0,0,0,0,-0.518472,0.0297363,-2.10889,-52.3267,3.30348,-208.147
1.71567e+09,-33200.2,-17883.8,-69.4169,-0.996573,0.102511,-0.0169204,0,-0,0,0,-0.519085,0.0291061,-2.11407,-52.3886,3.23984,-208.67
1.71567e+09,-33200.3,-17883.8,-69.4165,-0.993305,0.103441,-0.0151796,0,0,0,-0,-0.517617,0.0294616,-2.11969,-52.2403,3.27574,-209.237
1.71567e+09,-33200.4,-17883.8,-69.4203,-0.993897,0.107805,-0.0178734,-0,0,0,0,-0.518039,0.0316004,-2.12515,-52.2829,3.49173,-209.789
1.71567e+09,-33200.5,-17883.8,-69.4198,-0.986954,0.115058,-0.0158789,0,0,0,-0,-0.514876,0.0353415,-2.13052,-51.9635,3.86954,-210.331
1.71567e+09,-33200.6,-17883.8,-69.4213,-0.982548,0.127975,-0.0162616,0,0,0,0,-0.512893,0.0417489,-2.13554,-51.7632,4.51661,-210.838
1.71567e+09,-33200.7,-17883.8,-69.4204,-0.971786,0.141496,-0.0139736,0,0,0,-0,-0.507679,0.0483676,-2.14102,-51.2367,5.18495,-211.391
1.71567e+09,-33200.8,-17883.7,-69.4231,-0.97006,0.152808,-0.0158011,0,0,0,0,-0.506843,0.0539107,-2.14573,-51.1523,5.74469,-211.867
1.71567e+09,-33200.9,-17883.7,-69.4228,-0.962045,0.159728,-0.0141821,0,0,0,-0,-0.503007,0.0575198,-2.15171,-50.7649,6.10914,-212.471
1.71567e+09,-33201,-17883.7,-69.4221,-0.960572,0.165871,-0.0126277,0,0,0,0,-0.50242,0.0606832,-2.15466,-50.7056,6.42859,-212.769
1.71567e+09,-33201.1,-17883.7,-69.4159,-0.955592,0.169846,-0.00562795,0,0,0,-0,-0.500085,0.0624113,-2.15854,-50.4699,6.6031,-213.161
1.71567e+09,-33201.2,-17883.6,-69.4164,-0.955048,0.174306,-0.00593754,0,0,0,0,-0.499884,0.0644253,-2.16247,-50.4496,6.80648,-213.558
1.71567e+09,-33201.3,-17883.6,-69.4113,-0.94997,0.178311,-0.000680143,0,0,0,-0,-0.49754,0.0664011,-2.16611,-50.2129,7.00601,-213.925
1.71567e+09,-33201.3,-17883.6,-69.4088,-0.948672,0.183115,0.0016147,0,0,0,0,-0.497028,0.0689198,-2.16917,-50.1612,7.26037,-214.234
1.71567e+09,-33201.5,-17883.6,-69.4002,-0.942958,0.188887,0.0091685,0,0,0,-0,-0.494263,0.0717962,-2.17265,-49.882,7.55085,-214.586
1.71567e+09,-33201.5,-17883.5,-69.3989,-0.943393,0.197278,0.00973144,-0,0,0,0,-0.494502,0.0758348,-2.1761,-49.906,7.9587,-214.933
1.71567e+09,-33201.6,-17883.5,-69.3921,-0.938462,0.202765,0.0144376,0,0,0,-0,-0.492291,0.0786926,-2.18067,-49.6828,8.24728,-215.395
1.71567e+09,-33201.7,-17883.5,-69.388,-0.937353,0.210877,0.0169441,0,0,0,0,-0.491921,0.0827907,-2.18432,-49.6455,8.66109,-215.764
1.71567e+09,-33201.8,-17883.5,-69.3803,-0.931945,0.218025,0.0219294,0,0,0,-0,-0.489375,0.086325,-2.18845,-49.3883,9.01799,-216.181
1.71567e+09,-33201.9,-17883.4,-69.3799,-0.934342,0.225373,0.0209285,-0,0,0,0,-0.490576,0.089952,-2.19223,-49.5097,9.38426,-216.562
1.71567e+09,-33202,-17883.4,-69.3735,-0.929735,0.229253,0.0239408,0,0,0,-0,-0.488374,0.0919655,-2.19766,-49.2872,9.58759,-217.111
1.71567e+09,-33202.1,-17883.4,-69.374,-0.930366,0.231659,0.0215548,-0,0,0,0,-0.488717,0.0933127,-2.20243,-49.3219,9.72364,-217.593
1.71567e+09,-33202.2,-17883.4,-69.3682,-0.92523,0.231032,0.0238764,0,0,0,-0,-0.486411,0.0933789,-2.20833,-49.089,9.73033,-218.188
1.71567e+09,-33202.3,-17883.3,-69.3698,-0.927248,0.229113,0.0204396,0,0,0,0,-0.487493,0.0926064,-2.21384,-49.1983,9.65231,-218.745
1.71567e+09,-33202.4,-17883.3,-69.3635,-0.924968,0.226881,0.0237132,0,0,0,0,-0.486447,0.0915539,-2.21884,-49.0926,9.54602,-219.249
1.71567e+09,-33202.4,-17883.3,-69.3608,-0.924701,0.222928,0.0239921,0,0,0,0,-0.486343,0.0896095,-2.22353,-49.0822,9.34966,-219.724
1.71567e+09,-33202.5,-17883.3,-69.3568,-0.921986,0.217706,0.0248101,0,0,0,0,-0.485043,0.0871441,-2.22869,-48.9509,9.1007,-220.245
1.71567e+09,-33202.6,-17883.3,-69.3552,-0.92138,0.212185,0.0239358,0,0,0,0,-0.484802,0.0845787,-2.23386,-48.9266,8.84166,-220.767
1.71567e+09,-33202.7,-17883.2,-69.3507,-0.922008,0.206124,0.0252999,0,-0,0,0,-0.485141,0.081708,-2.23925,-48.9608,8.55177,-221.311
1.71567e+09,-33202.8,-17883.2,-69.3508,-0.92894,0.201829,0.0229623,0,-0,0,0,-0.488519,0.0794124,-2.24477,-49.3019,8.31995,-221.868
1.71567e+09,-33202.9,-17883.2,-69.3476,-0.933546,0.194663,0.0225157,0,-0,0,0,-0.490852,0.0757437,-2.25196,-49.5375,7.94947,-222.594
1.71567e+09,-33203,-17883.2,-69.3513,-0.945727,0.188656,0.0170629,0,-0,0,0,-0.496997,0.072774,-2.25846,-50.158,7.64958,-223.251
1.71567e+09,-33203.1,-17883.2,-69.3503,-0.955567,0.181276,0.0155121,0,-0,0,0,-0.50211,0.0691928,-2.26566,-50.6744,7.28793,-223.978
1.71567e+09,-33203.2,-17883.2,-69.3519,-0.967686,0.176039,0.0124131,0,-0,0,0,-0.508272,0.0666856,-2.27141,-51.2967,7.03473,-224.558
1.71567e+09,-33203.4,-17883.2,-69.3491,-0.97585,0.17124,0.0131145,0,-0,0,0,-0.512532,0.0644399,-2.27766,-51.7269,6.80794,-225.19
1.71567e+09,-33203.4,-17883.2,-69.3533,-0.986324,0.168548,0.0077151,0,-0,0,0,-0.517765,0.0631416,-2.28472,-52.2554,6.67683,-225.902
1.71567e+09,-33203.6,-17883.1,-69.3502,-0.993229,0.166643,0.00928055,0,-0,0,0,-0.521248,0.0622181,-2.29043,-52.6071,6.58356,-226.479
1.71567e+09,-33203.7,-17883.1,-69.3506,-1.00085,0.165909,0.00775723,0,-0,0,0,-0.525151,0.0619792,-2.29591,-53.0012,6.55944,-227.033
1.71567e+09,-33203.8,-17883.1,-69.3456,-1.00164,0.167283,0.0110857,0,0,0,0,-0.525691,0.0627319,-2.30123,-53.0557,6.63545,-227.57
1.71567e+09,-33203.9,-17883.1,-69.3492,-1.0087,0.173025,0.00673472,0,0,0,0,-0.529181,0.0655088,-2.30668,-53.4082,6.91587,-228.121
1.71567e+09,-33204,-17883.1,-69.3432,-1.01094,0.179142,0.0108612,0,0,0,0,-0.530403,0.0685761,-2.31223,-53.5316,7.22562,-228.681
1.71567e+09,-33204.1,-17883,-69.3484,-1.02122,0.188155,0.00504035,0,0,0,0,-0.535627,0.0732049,-2.31827,-54.0591,7.69305,-229.29
1.71567e+09,-33204.2,-17883,-69.3434,-1.027,0.195948,0.00876574,0,0,0,0,-0.538768,0.0773462,-2.32292,-54.3764,8.11127,-229.76
1.71567e+09,-33204.3,-17883,-69.3465,-1.03576,0.203806,0.00478176,0,0,0,0,-0.543244,0.0813609,-2.32928,-54.8283,8.51671,-230.402
1.71567e+09,-33204.4,-17883,-69.3433,-1.04095,0.211497,0.00673437,0,0,0,0,-0.545984,0.0852378,-2.33492,-55.105,8.90822,-230.972
1.71567e+09,-33204.5,-17882.9,-69.3455,-1.04908,0.21718,0.0038787,0,0,0,0,-0.550104,0.0880451,-2.34079,-55.5212,9.19172,-231.565
1.71567e+09,-33204.7,-17882.9,-69.3427,-1.0499,0.222016,0.00540397,0,0,0,0,-0.550753,0.0904983,-2.34718,-55.5867,9.43946,-232.21
1.71567e+09,-33204.7,-17882.9,-69.3446,-1.05405,0.225977,0.00290007,0,0,0,0,-0.552959,0.0925433,-2.35272,-55.8094,9.64597,-232.77
1.71567e+09,-33204.9,-17882.8,-69.3422,-1.05501,0.22783,0.00448447,0,0,0,0,-0.553663,0.0937103,-2.35761,-55.8805,9.76381,-233.264
1.71567e+09,-33204.9,-17882.8,-69.3432,-1.05741,0.228543,0.0028724,0,0,0,0,-0.555011,0.0942226,-2.36287,-56.0166,9.81554,-233.794
1.71567e+09,-33205.1,-17882.8,-69.3386,-1.0559,0.228313,0.00633648,0,0,0,0,-0.55432,0.0941525,-2.36826,-55.9468,9.80846,-234.339
1.71567e+09,-33205.2,-17882.8,-69.3383,-1.05841,0.228934,0.0061039,0,0,0,0,-0.555595,0.0944881,-2.37196,-56.0756,9.84235,-234.713
1.71567e+09,-33205.3,-17882.8,-69.3336,-1.05748,0.227836,0.00930224,0,0,0,0,-0.555367,0.094199,-2.37725,-56.0525,9.81316,-235.247
1.71567e+09,-33205.4,-17882.7,-69.3348,-1.06551,0.226625,0.00728069,0,-0,0,0,-0.559505,0.0937288,-2.38225,-56.4705,9.76568,-235.752
1.71567e+09,-33205.5,-17882.7,-69.333,-1.06989,0.224764,0.00755409,0,-0,0,0,-0.561866,0.0927778,-2.3888,-56.7089,9.66964,-236.413
1.71567e+09,-33205.6,-17882.7,-69.3333,-1.07648,0.222575,0.0062764,0,-0,0,0,-0.565279,0.091694,-2.39439,-57.0535,9.56019,-236.978
1.71567e+09,-33205.7,-17882.7,-69.3312,-1.08127,0.218291,0.0071938,0,-0,0,0,-0.567862,0.0896606,-2.40007,-57.3144,9.35484,-237.551
1.71567e+09,-33205.8,-17882.7,-69.3336,-1.08791,0.21678,0.00402006,0,-0,0,0,-0.571293,0.0889851,-2.40604,-57.6609,9.28662,-238.154
1.71567e+09,-33206,-17882.6,-69.3332,-1.08279,0.211878,0.00306509,0,0,0,0,-0.569033,0.0866443,-2.41386,-57.4326,9.05025,-238.944
1.71567e+09,-33206,-17882.6,-69.3388,-1.08487,0.208962,-0.00272542,0,-0,0,0,-0.570185,0.0852329,-2.41988,-57.5489,8.90772,-239.551
1.71567e+09,-33206.2,-17882.6,-69.3409,-1.07749,0.20532,-0.00516716,0,0,0,0,-0.56684,0.0835145,-2.42808,-57.2112,8.73419,-240.38
1.71567e+09,-33206.2,-17882.6,-69.3462,-1.07691,0.203235,-0.0102603,0,0,0,0,-0.566731,0.0826056,-2.43435,-57.2002,8.64241,-241.013
1.71567e+09,-33206.4,-17882.6,-69.3456,-1.07085,0.20111,-0.0090532,0,0,0,0,-0.563903,0.0816621,-2.44038,-56.9145,8.54712,-241.622
1.71567e+09,-33206.5,-17882.5,-69.351,-1.06734,0.202299,-0.0138378,0,0,0,-0,-0.562214,0.0822477,-2.4471,-56.744,8.60626,-242.3
1.71567e+09,-33206.6,-17882.5,-69.3537,-1.05945,0.206384,-0.0154905,0,0,0,0,-0.558426,0.0842829,-2.45441,-56.3615,8.81179,-243.039
1.71567e+09,-33206.7,-17882.5,-69.3558,-1.05685,0.211556,-0.0165578,0,0,0,-0,-0.557312,0.0869213,-2.45919,-56.249,9.07824,-243.521
1.71567e+09,-33206.8,-17882.5,-69.3544,-1.04691,0.218877,-0.0137821,0,0,0,0,-0.552664,0.0906559,-2.4648,-55.7796,9.45538,-244.088
1.71567e+09,-33206.9,-17882.4,-69.3606,-1.04122,0.227644,-0.0190112,0,0,0,-0,-0.550005,0.095007,-2.47197,-55.5111,9.89475,-244.812
1.71567e+09,-33207,-17882.4,-69.3609,-1.03725,0.235388,-0.0176582,0,0,0,0,-0.548201,0.0989598,-2.47794,-55.329,10.2939,-245.415
1.71567e+09,-33207.1,-17882.4,-69.3653,-1.0345,0.244244,-0.0208884,0,0,0,-0,-0.546946,0.103409,-2.48385,-55.2022,10.7432,-246.012
1.71567e+09,-33207.2,-17882.3,-69.362,-1.03213,0.253232,-0.0157814,0,0,0,0,-0.545975,0.108137,-2.48697,-55.1041,11.2207,-246.327
1.71567e+09,-33207.3,-17882.3,-69.3592,-1.03059,0.265217,-0.0118408,0,0,0,-0,-0.545438,0.114266,-2.49005,-55.0499,11.8395,-246.638
1.71567e+09,-33207.4,-17882.3,-69.3552,-1.02908,0.280539,-0.00712269,0,0,0,0,-0.544892,0.121929,-2.494,-54.9948,12.6134,-247.036
1.71567e+09,-33207.5,-17882.2,-69.3531,-1.02738,0.298386,-0.0046968,0,0,0,-0,-0.544132,0.130607,-2.49779,-54.918,13.4898,-247.42
1.71567e+09,-33207.6,-17882.2,-69.3477,-1.02419,0.312809,0.00069672,0,0,0,0,-0.54271,0.137801,-2.50091,-54.7744,14.2163,-247.735
1.71567e+09,-33207.7,-17882.1,-69.3457,-1.02632,0.327231,0.00238173,0,0,0,0,-0.543897,0.145131,-2.50435,-54.8942,14.9565,-248.082
1.71567e+09,-33207.8,-17882.1,-69.3403,-1.0256,0.336241,0.00683796,0,0,0,-0,-0.543814,0.149954,-2.5087,-54.8859,15.4436,-248.521
1.71567e+09,-33207.9,-17882,-69.3392,-1.02871,0.342502,0.00700748,-0,0,0,0,-0.545542,0.153343,-2.51375,-55.0604,15.7858,-249.031
1.71567e+09,-33208,-17882,-69.3367,-1.0256,0.345591,0.00787015,0,0,0,-0,-0.544274,0.155281,-2.52057,-54.9323,15.9816,-249.72
1.71567e+09,-33208.1,-17882,-69.3384,-1.02968,0.348432,0.00559212,-0,0,0,0,-0.546374,0.156772,-2.52484,-55.1444,16.1321,-250.151
1.71567e+09,-33208.2,-17881.9,-69.341,-1.02615,0.344807,0.00181638,0,0,0,0,-0.544747,0.155092,-2.53315,-54.9801,15.9624,-250.991
1.71567e+09,-33208.3,-17881.9,-69.3461,-1.02719,0.340346,-0.00372561,0,-0,0,0,-0.545376,0.153103,-2.5407,-55.0436,15.7615,-251.753
1.71567e+09,-33208.4,-17881.9,-69.3496,-1.02618,0.333835,-0.00728312,0,0,0,0,-0.545139,0.150195,-2.54842,-55.0197,15.468,-252.532
1.71567e+09,-33208.5,-17881.9,-69.3532,-1.02954,0.326121,-0.0104839,0,-0,0,0,-0.54695,0.146631,-2.55502,-55.2026,15.108,-253.198
1.71567e+09,-33208.6,-17881.8,-69.356,-1.0319,0.315411,-0.0125496,0,-0,0,0,-0.548174,0.141468,-2.56217,-55.3262,14.5866,-253.921
1.71567e+09,-33208.7,-17881.8,-69.3609,-1.03725,0.307064,-0.0167093,0,-0,0,0,-0.550893,0.137593,-2.56857,-55.6008,14.1952,-254.567
1.71567e+09,-33208.8,-17881.8,-69.3614,-1.03726,0.292913,-0.0157266,0,-0,0,0,-0.551195,0.131072,-2.57496,-55.6313,13.5367,-255.212
1.71567e+09,-33208.9,-17881.8,-69.3648,-1.04135,0.282324,-0.0180543,0,-0,0,0,-0.553393,0.126114,-2.58055,-55.8532,13.0361,-255.777
1.71567e+09,-33209,-17881.8,-69.3648,-1.04358,0.271878,-0.0166307,0,-0,0,0,-0.554738,0.121174,-2.58611,-55.9891,12.5373,-256.338
1.71567e+09,-33209.1,-17881.7,-69.3662,-1.04856,0.26312,-0.0169215,0,-0,0,0,-0.557302,0.116912,-2.59062,-56.2479,12.1069,-256.794
1.71567e+09,-33209.3,-17881.7,-69.3629,-1.04605,0.253076,-0.0121653,0,0,0,0,-0.55625,0.112036,-2.59552,-56.1417,11.6144,-257.289
1.71567e+09,-33209.3,-17881.7,-69.3636,-1.05049,0.246934,-0.0121824,0,-0,0,0,-0.558495,0.109068,-2.59927,-56.3685,11.3147,-257.667
1.71567e+09,-33209.5,-17881.7,-69.3607,-1.04657,0.238676,-0.00843401,0,0,0,0,-0.556668,0.105193,-2.60387,-56.184,10.9234,-258.132
1.71567e+09,-33209.6,-17881.7,-69.3586,-1.04762,0.230992,-0.00593008,0,-0,0,0,-0.557334,0.101592,-2.60738,-56.2512,10.5597,-258.486
1.71567e+09,-33209.7,-17881.7,-69.3538,-1.0462,0.221926,-0.000995051,0,0,0,0,-0.556879,0.0973319,-2.61111,-56.2052,10.1295,-258.863
1.71567e+09,-33209.8,-17881.6,-69.3519,-1.04632,0.215597,0.000607846,0,-0,0,0,-0.557167,0.0943163,-2.61606,-56.2343,9.82501,-259.363
1.71567e+09,-33209.9,-17881.6,-69.3497,-1.04274,0.209789,0.00225753,0,0,0,0,-0.55552,0.0915362,-2.62117,-56.068,9.54424,-259.879
1.71567e+09,-33210,-17881.6,-69.3512,-1.04446,0.203229,0.000454664,0,-0,0,0,-0.556457,0.0884215,-2.62575,-56.1627,9.22973,-260.342
1.71567e+09,-33210.1,-17881.6,-69.3435,-1.03781,0.198026,0.00717955,0,0,0,0,-0.553461,0.0861511,-2.6301,-55.8601,9.00046,-260.78
1.71567e+09,-33210.2,-17881.6,-69.3436,-1.03837,0.19409,0.00642692,0,-0,0,0,-0.553856,0.0842723,-2.6344,-55.9,8.81074,-261.215
1.71567e+09,-33210.3,-17881.6,-69.3377,-1.03548,0.192516,0.0110159,0,0,0,0,-0.552485,0.0834794,-2.6382,-55.7615,8.73067,-261.599
1.71567e+09,-33210.4,-17881.5,-69.3364,-1.03525,0.192833,0.0112731,0,0,0,-0,-0.552462,0.0838048,-2.64233,-55.7592,8.76354,-262.016
1.71567e+09,-33210.5,-17881.5,-69.3302,-1.03174,0.196049,0.0154747,0,0,0,0,-0.550911,0.0858784,-2.64684,-55.6025,8.97294,-262.471
1.71567e+09,-33210.6,-17881.5,-69.3289,-1.031,0.200631,0.0153292,0,0,0,-0,-0.550553,0.0883096,-2.65123,-55.5664,9.21845,-262.915
1.71567e+09,-33210.7,-17881.5,-69.323,-1.02811,0.204521,0.0186516,0,0,0,0,-0.549174,0.0904395,-2.6563,-55.4272,9.43354,-263.426
1.71567e+09,-33210.8,-17881.4,-69.324,-1.03032,0.20877,0.0160354,0,0,0,0,-0.550368,0.0928163,-2.66194,-55.5477,9.67357,-263.996
1.71567e+09,-33210.9,-17881.4,-69.3187,-1.02695,0.208859,0.0184752,0,0,0,-0,-0.548949,0.0934812,-2.66781,-55.4044,9.74072,-264.589
1.71567e+09,-33211,-17881.4,-69.3191,-1.0297,0.210298,0.0166623,-0,0,0,0,-0.550411,0.0943965,-2.67271,-55.552,9.83315,-265.084
1.71567e+09,-33211.1,-17881.4,-69.3134,-1.02792,0.210214,0.0194119,0,0,0,-0,-0.549641,0.0946229,-2.67862,-55.4743,9.85601,-265.68
1.71567e+09,-33211.2,-17881.4,-69.3118,-1.02913,0.213799,0.0194706,-0,0,0,0,-0.550299,0.0964409,-2.68229,-55.5407,10.0396,-266.051
1.71567e+09,-33211.3,-17881.3,-69.3055,-1.02394,0.213234,0.0222501,0,0,0,-0,-0.547951,0.0965243,-2.6884,-55.3037,10.048,-266.668
1.71567e+09,-33211.4,-17881.3,-69.3064,-1.02645,0.215432,0.0199315,-0,0,0,0,-0.549295,0.0978252,-2.69282,-55.4394,10.1794,-267.114
1.71567e+09,-33211.5,-17881.3,-69.3002,-1.02488,0.215499,0.0230394,0,0,0,-0,-0.548726,0.0981614,-2.69805,-55.3819,10.2133,-267.642
1.71567e+09,-33211.6,-17881.3,-69.2981,-1.02699,0.215824,0.0230374,-0,0,0,0,-0.549821,0.0984078,-2.7025,-55.4925,10.2382,-268.092
1.71567e+09,-33211.7,-17881.2,-69.2923,-1.02426,0.213221,0.0251267,0,0,0,0,-0.548562,0.0971912,-2.70861,-55.3654,10.1154,-268.709
1.71567e+09,-33211.8,-17881.2,-69.2924,-1.02654,0.211805,0.023178,0,-0,0,0,-0.549764,0.0965826,-2.71325,-55.4867,10.0539,-269.177
1.71567e+09,-33211.9,-17881.2,-69.2866,-1.02297,0.205897,0.0252208,0,0,0,0,-0.548223,0.0940367,-2.71944,-55.3311,9.79679,-269.802
1.71567e+09,-33212,-17881.2,-69.2863,-1.02797,0.201803,0.023589,0,-0,0,0,-0.550748,0.0921017,-2.72429,-55.5861,9.60138,-270.292
1.71567e+09,-33212.1,-17881.2,-69.2806,-1.02265,0.198566,0.0250814,0,0,0,0,-0.54822,0.0907201,-2.73115,-55.3308,9.46187,-270.985
1.71567e+09,-33212.2,-17881.2,-69.2832,-1.02651,0.195138,0.0209533,0,-0,0,0,-0.550257,0.0892198,-2.7365,-55.5365,9.31036,-271.526
1.71567e+09,-33212.3,-17881.1,-69.2792,-1.02569,0.192256,0.0217811,0,0,0,0,-0.550076,0.0882315,-2.74258,-55.5182,9.21057,-272.139
1.71567e+09,-33212.4,-17881.1,-69.2795,-1.02762,0.189279,0.0195352,0,-0,0,0,-0.551118,0.0869788,-2.74812,-55.6235,9.08406,-272.698
1.71567e+09,-33212.5,-17881.1,-69.2751,-1.02656,0.184006,0.0209923,0,0,0,0,-0.550668,0.0846233,-2.75423,-55.578,8.84619,-273.316
1.71567e+09,-33212.6,-17881.1,-69.2761,-1.02867,0.176815,0.018073,0,-0,0,0,-0.551842,0.0813539,-2.76004,-55.6966,8.51603,-273.903
1.71567e+09,-33212.7,-17881.1,-69.2728,-1.02337,0.169295,0.0186524,0,0,0,0,-0.549518,0.0781932,-2.7662,-55.4619,8.19684,-274.525
1.71567e+09,-33212.8,-17881.1,-69.2725,-1.02203,0.16058,0.0172362,0,0,0,0,-0.548928,0.074076,-2.77135,-55.4023,7.78106,-275.045
1.71567e+09,-33212.9,-17881.1,-69.2691,-1.01388,0.151198,0.0176364,0,0,0,0,-0.544892,0.0696441,-2.77838,-54.9947,7.33348,-275.754
1.71567e+09,-33213,-17881.1,-69.2697,-1.00817,0.142748,0.0154732,0,0,0,0,-0.542187,0.0657765,-2.7837,-54.7215,6.94291,-276.292
1.71567e+09,-33213.1,-17881.1,-69.2686,-1.00121,0.133496,0.0143319,0,0,0,0,-0.538756,0.06132,-2.79049,-54.3751,6.4929,-276.977
1.71567e+09,-33213.2,-17881.1,-69.2656,-0.998217,0.127028,0.0159913,0,0,0,0,-0.537437,0.0583938,-2.79385,-54.2419,6.19741,-277.317
1.71567e+09,-33213.3,-17881.1,-69.2558,-0.990271,0.11746,0.0228056,0,0,0,0,-0.533557,0.0538803,-2.79768,-53.8501,5.74162,-277.704
1.71567e+09,-33213.4,-17881.1,-69.2551,-0.988588,0.105794,0.0218389,0,0,0,0,-0.53281,0.0483924,-2.80192,-53.7746,5.18743,-278.132
1.71567e+09,-33213.5,-17881.1,-69.25,-0.9845,0.0938911,0.0237149,0,0,0,0,-0.53086,0.0426686,-2.8074,-53.5777,4.60941,-278.685
1.71567e+09,-33213.6,-17881.1,-69.2498,-0.987133,0.083376,0.0217732,0,-0,0,0,-0.532227,0.0375225,-2.81283,-53.7158,4.08973,-279.233
1.71567e+09,-33213.7,-17881.1,-69.2438,-0.985953,0.0746551,0.0244959,0,0,0,0,-0.531906,0.0333257,-2.81823,-53.6834,3.6659,-279.779
1.71567e+09,-33213.8,-17881.1,-69.2422,-0.98753,0.0690035,0.0235516,0,-0,0,0,-0.532918,0.0305725,-2.82373,-53.7855,3.38786,-280.334
1.71567e+09,-33213.9,-17881.1,-69.2355,-0.987237,0.0626784,0.0272175,0,-0,0,0,-0.533124,0.0276049,-2.82808,-53.8064,3.08817,-280.774
1.71567e+09,-33214,-17881.1,-69.2309,-0.985933,0.0583971,0.0290229,0,0,0,0,-0.532763,0.025622,-2.83222,-53.7698,2.88736,-281.193
1.71567e+09,-33214.1,-17881.1,-69.2205,-0.971859,0.0496662,0.0344362,0,0,0,0,-0.526258,0.0213735,-2.83727,-53.1129,2.45834,-281.703
1.71567e+09,-33214.2,-17881.1,-69.2224,-0.964687,0.0457069,0.0307445,0,0,0,0,-0.522887,0.0194873,-2.84192,-52.7725,2.26787,-282.172
1.71567e+09,-33214.3,-17881.1,-69.2184,-0.945805,0.0432643,0.0300526,0,0,0,0,-0.513828,0.0183542,-2.84943,-51.8577,2.15345,-282.931
1.71567e+09,-33214.3,-17881.1,-69.2209,-0.927944,0.0391155,0.0252976,0,0,0,0,-0.505058,0.0164094,-2.85552,-50.9721,1.95706,-283.546
1.71567e+09,-33214.4,-17881.1,-69.2192,-0.902125,0.0346717,0.0234104,0,0,0,0,-0.492332,0.0143554,-2.86319,-49.687,1.74963,-284.32
1.71567e+09,-33214.5,-17881.1,-69.2223,-0.879624,0.0318066,0.0179787,0,0,0,0,-0.481207,0.0131163,-2.87083,-48.5634,1.6245,-285.092
1.71567e+09,-33214.5,-17881.1,-69.2201,-0.855534,0.02861,0.0176899,0,0,0,0,-0.469384,0.0117318,-2.87698,-47.3695,1.48468,-285.713
1.71567e+09,-33214.6,-17881.1,-69.2214,-0.834522,0.0253483,0.0145484,0,0,0,0,-0.459104,0.0102356,-2.88364,-46.3313,1.33359,-286.386
1.71567e+09,-33214.7,-17881.1,-69.2212,-0.813911,0.0206744,0.012603,0,0,0,0,-0.449046,0.00806111,-2.89072,-45.3156,1.11398,-287.101
1.71567e+09,-33214.7,-17881.1,-69.2229,-0.795463,0.018529,0.00958356,0,0,0,0,-0.440029,0.00712582,-2.8971,-44.405,1.01953,-287.744
1.71567e+09,-33214.8,-17881.1,-69.2211,-0.775489,0.0154959,0.00957185,0,0,0,0,-0.430323,0.00566699,-2.90397,-43.4249,0.872219,-288.439
1.71567e+09,-33214.8,-17881.1,-69.2253,-0.762547,0.0125718,0.00453736,0,0,0,0,-0.424029,0.00432018,-2.91033,-42.7893,0.736218,-289.081
1.71567e+09,-33214.9,-17881.1,-69.2235,-0.743366,0.00955185,0.00509758,0,0,0,0,-0.414594,0.00296425,-2.91702,-41.8365,0.599293,-289.757
1.71567e+09,-33214.9,-17881.1,-69.2269,-0.732587,0.00826376,0.00121583,0,0,0,0,-0.409345,0.00247061,-2.92288,-41.3064,0.549443,-290.348
1.71567e+09,-33215,-17881.1,-69.2258,-0.722354,0.00398048,0.00152009,0,0,0,0,-0.404372,0.000449838,-2.92951,-40.8043,0.345375,-291.017
1.71567e+09,-33215.1,-17881.1,-69.2299,-0.715654,-0.00132159,-0.00288385,0,0,0,0,-0.401109,-0.00219502,-2.93599,-40.4748,0.0782821,-291.672
1.71567e+09,-33215.2,-17881.1,-69.2283,-0.708735,-0.00633913,-0.00154593,0,0,0,0,-0.397814,-0.00464752,-2.94202,-40.142,-0.169388,-292.281
1.71567e+09,-33215.2,-17881.1,-69.2293,-0.708734,-0.0108091,-0.00265634,0,-0,0,0,-0.397917,-0.00689237,-2.94712,-40.1524,-0.396095,-292.796
1.71567e+09,-33215.3,-17881.1,-69.2274,-0.705962,-0.0179116,-0.00109996,0,0,0,0,-0.396698,-0.0103631,-2.95303,-40.0293,-0.746601,-293.393
1.71567e+09,-33215.4,-17881.1,-69.2263,-0.704863,-0.0221333,-0.00017301,0,0,0,0,-0.396253,-0.0123369,-2.95748,-39.9844,-0.94593,-293.842
1.71567e+09,-33215.4,-17881.1,-69.2222,-0.703262,-0.0216863,0.00331528,0,0,0,-0,-0.395527,-0.0121367,-2.96239,-39.911,-0.925706,-294.338
1.71567e+09,-33215.5,-17881.1,-69.2237,-0.707089,-0.0241799,0.00145361,0,0,0,0,-0.397525,-0.0133166,-2.96729,-40.1128,-1.04486,-294.833
1.71567e+09,-33215.6,-17881.1,-69.2234,-0.707904,-0.0276296,0.000741618,0,-0,0,0,-0.398045,-0.0149682,-2.9749,-40.1653,-1.21164,-295.602
1.71567e+09,-33215.6,-17881.1,-69.2272,-0.713484,-0.0268536,-0.00322375,0,0,0,0,-0.400886,-0.014565,-2.98065,-40.4522,-1.17093,-296.182
